--------------------------------------------------------
--  파일이 생성됨 - 금요일-5월-27-2022   
--------------------------------------------------------
DROP SEQUENCE "EJOBB"."SEQ_ABSENCE_NO";
DROP SEQUENCE "EJOBB"."SEQ_ACADEMIC_ABILITY_NO";
DROP SEQUENCE "EJOBB"."SEQ_ALRAM_NO";
DROP SEQUENCE "EJOBB"."SEQ_APPROVECODE_NO";
DROP SEQUENCE "EJOBB"."SEQ_ARMY_NO";
DROP SEQUENCE "EJOBB"."SEQ_ATTACHMENT_TYPE_NO";
DROP SEQUENCE "EJOBB"."SEQ_BOARD_NO";
DROP SEQUENCE "EJOBB"."SEQ_BONUS_NO";
DROP SEQUENCE "EJOBB"."SEQ_CAREER_NO";
DROP SEQUENCE "EJOBB"."SEQ_CERTIFICATE_NO";
DROP SEQUENCE "EJOBB"."SEQ_CHATROOM_NO";
DROP SEQUENCE "EJOBB"."SEQ_DRAFTING_NO";
DROP SEQUENCE "EJOBB"."SEQ_EAMIL_NO";
DROP SEQUENCE "EJOBB"."SEQ_FAMILY_INFO_NO";
DROP SEQUENCE "EJOBB"."SEQ_FILE_ATTATCHMENT_NO";
DROP SEQUENCE "EJOBB"."SEQ_HOLIDAY_NO";
DROP SEQUENCE "EJOBB"."SEQ_LICENSE_NO";
DROP SEQUENCE "EJOBB"."SEQ_LINECODE_NO";
DROP SEQUENCE "EJOBB"."SEQ_LINE_NO";
DROP SEQUENCE "EJOBB"."SEQ_MEMBER_INFO_NO";
DROP SEQUENCE "EJOBB"."SEQ_MEMBER_NO";
DROP SEQUENCE "EJOBB"."SEQ_MODIFY_BONUS_NO";
DROP SEQUENCE "EJOBB"."SEQ_MODIFY_DEPT_NO";
DROP SEQUENCE "EJOBB"."SEQ_MODIFY_DRAFTING_NO";
DROP SEQUENCE "EJOBB"."SEQ_MODIFY_LINE_NO";
DROP SEQUENCE "EJOBB"."SEQ_MODIFY_NO";
DROP SEQUENCE "EJOBB"."SEQ_MODIFY_PAYMENT_NO";
DROP SEQUENCE "EJOBB"."SEQ_MODIFY_SPOT_NO";
DROP SEQUENCE "EJOBB"."SEQ_PAYMENT_NO";
DROP SEQUENCE "EJOBB"."SEQ_PER_NO";
DROP SEQUENCE "EJOBB"."SEQ_PHOTO_NUM";
DROP SEQUENCE "EJOBB"."SEQ_READING_NO";
DROP SEQUENCE "EJOBB"."SEQ_ROLE_NO";
DROP SEQUENCE "EJOBB"."SEQ_SCHEDULE_NO";
DROP SEQUENCE "EJOBB"."SEQ_VACATION_NO";
DROP SEQUENCE "EJOBB"."SEQ_WEEK_WORK_STATISTIC_NO";
DROP SEQUENCE "EJOBB"."SEQ_WORKCONTRACT_NO";
DROP SEQUENCE "EJOBB"."SEQ_WORKSTATUS_NO";
DROP TABLE "EJOBB"."BB_ABSENCE" cascade constraints;
DROP TABLE "EJOBB"."BB_ALRAM" cascade constraints;
DROP TABLE "EJOBB"."BB_ALRAM_TYPE" cascade constraints;
DROP TABLE "EJOBB"."BB_APPROVE" cascade constraints;
DROP TABLE "EJOBB"."BB_ARMY" cascade constraints;
DROP TABLE "EJOBB"."BB_ATTACHMENT_TYPE" cascade constraints;
DROP TABLE "EJOBB"."BB_BOARD" cascade constraints;
DROP TABLE "EJOBB"."BB_BONUS" cascade constraints;
DROP TABLE "EJOBB"."BB_CAREER" cascade constraints;
DROP TABLE "EJOBB"."BB_CERTIFICATE" cascade constraints;
DROP TABLE "EJOBB"."BB_CERTIFICATE_CODE" cascade constraints;
DROP TABLE "EJOBB"."BB_CHAT" cascade constraints;
DROP TABLE "EJOBB"."BB_CHATROOM_NO" cascade constraints;
DROP TABLE "EJOBB"."BB_CHAT_READ_STATUS" cascade constraints;
DROP TABLE "EJOBB"."BB_DEPT" cascade constraints;
DROP TABLE "EJOBB"."BB_DRAFTING" cascade constraints;
DROP TABLE "EJOBB"."BB_EMAIL" cascade constraints;
DROP TABLE "EJOBB"."BB_FAMILY_INFO" cascade constraints;
DROP TABLE "EJOBB"."BB_FILEATTACHMENT" cascade constraints;
DROP TABLE "EJOBB"."BB_FINAL_ACADEMIC" cascade constraints;
DROP TABLE "EJOBB"."BB_FINAL_ACADEMIC_ABILITY" cascade constraints;
DROP TABLE "EJOBB"."BB_FINAL_ACADEMIC_CODE" cascade constraints;
DROP TABLE "EJOBB"."BB_FORM_VACATION" cascade constraints;
DROP TABLE "EJOBB"."BB_HOLIDAY" cascade constraints;
DROP TABLE "EJOBB"."BB_LICENSE" cascade constraints;
DROP TABLE "EJOBB"."BB_LICENSE_CODE" cascade constraints;
DROP TABLE "EJOBB"."BB_LINE_CODE" cascade constraints;
DROP TABLE "EJOBB"."BB_LINE_MEM" cascade constraints;
DROP TABLE "EJOBB"."BB_MEMBER" cascade constraints;
DROP TABLE "EJOBB"."BB_MEMBERPHOTO" cascade constraints;
DROP TABLE "EJOBB"."BB_MEMBER_INFO" cascade constraints;
DROP TABLE "EJOBB"."BB_MODIFY_BONUS" cascade constraints;
DROP TABLE "EJOBB"."BB_MODIFY_DEPT" cascade constraints;
DROP TABLE "EJOBB"."BB_MODIFY_DRAFTING" cascade constraints;
DROP TABLE "EJOBB"."BB_MODIFY_LINE" cascade constraints;
DROP TABLE "EJOBB"."BB_MODIFY_MEMBER_INFO" cascade constraints;
DROP TABLE "EJOBB"."BB_MODIFY_PAYMENT_FORM" cascade constraints;
DROP TABLE "EJOBB"."BB_MODIFY_SPOT" cascade constraints;
DROP TABLE "EJOBB"."BB_MODIFY_WORK_STATUS" cascade constraints;
DROP TABLE "EJOBB"."BB_PAYMENT_FORM" cascade constraints;
DROP TABLE "EJOBB"."BB_READING" cascade constraints;
DROP TABLE "EJOBB"."BB_REVIEW" cascade constraints;
DROP TABLE "EJOBB"."BB_ROLE" cascade constraints;
DROP TABLE "EJOBB"."BB_SPOT" cascade constraints;
DROP TABLE "EJOBB"."BB_WEEK_WORK_STATISTIC" cascade constraints;
DROP TABLE "EJOBB"."BB_WORKCONTRACT" cascade constraints;
DROP TABLE "EJOBB"."BB_WORKSTATUS" cascade constraints;
DROP TABLE "EJOBB"."BB_WORKTYPE" cascade constraints;
DROP TABLE "EJOBB"."BB_WORK_SCHEDULE" cascade constraints;
--------------------------------------------------------
--  DDL for Sequence SEQ_ABSENCE_NO
--------------------------------------------------------

   CREATE SEQUENCE  "EJOBB"."SEQ_ABSENCE_NO"  MINVALUE 1 MAXVALUE 999 INCREMENT BY 1 START WITH 1 NOCACHE  NOORDER  NOCYCLE ;
--------------------------------------------------------
--  DDL for Sequence SEQ_ACADEMIC_ABILITY_NO
--------------------------------------------------------

   CREATE SEQUENCE  "EJOBB"."SEQ_ACADEMIC_ABILITY_NO"  MINVALUE 1 MAXVALUE 999 INCREMENT BY 1 START WITH 14 NOCACHE  NOORDER  NOCYCLE ;
--------------------------------------------------------
--  DDL for Sequence SEQ_ALRAM_NO
--------------------------------------------------------

   CREATE SEQUENCE  "EJOBB"."SEQ_ALRAM_NO"  MINVALUE 1 MAXVALUE 999 INCREMENT BY 1 START WITH 1 NOCACHE  NOORDER  NOCYCLE ;
--------------------------------------------------------
--  DDL for Sequence SEQ_APPROVECODE_NO
--------------------------------------------------------

   CREATE SEQUENCE  "EJOBB"."SEQ_APPROVECODE_NO"  MINVALUE 1 MAXVALUE 999 INCREMENT BY 1 START WITH 6 NOCACHE  NOORDER  NOCYCLE ;
--------------------------------------------------------
--  DDL for Sequence SEQ_ARMY_NO
--------------------------------------------------------

   CREATE SEQUENCE  "EJOBB"."SEQ_ARMY_NO"  MINVALUE 1 MAXVALUE 999 INCREMENT BY 1 START WITH 13 NOCACHE  NOORDER  NOCYCLE ;
--------------------------------------------------------
--  DDL for Sequence SEQ_ATTACHMENT_TYPE_NO
--------------------------------------------------------

   CREATE SEQUENCE  "EJOBB"."SEQ_ATTACHMENT_TYPE_NO"  MINVALUE 1 MAXVALUE 999 INCREMENT BY 1 START WITH 1 NOCACHE  NOORDER  NOCYCLE ;
--------------------------------------------------------
--  DDL for Sequence SEQ_BOARD_NO
--------------------------------------------------------

   CREATE SEQUENCE  "EJOBB"."SEQ_BOARD_NO"  MINVALUE 1 MAXVALUE 999 INCREMENT BY 1 START WITH 45 NOCACHE  NOORDER  NOCYCLE ;
--------------------------------------------------------
--  DDL for Sequence SEQ_BONUS_NO
--------------------------------------------------------

   CREATE SEQUENCE  "EJOBB"."SEQ_BONUS_NO"  MINVALUE 1 MAXVALUE 999 INCREMENT BY 1 START WITH 14 NOCACHE  NOORDER  NOCYCLE ;
--------------------------------------------------------
--  DDL for Sequence SEQ_CAREER_NO
--------------------------------------------------------

   CREATE SEQUENCE  "EJOBB"."SEQ_CAREER_NO"  MINVALUE 1 MAXVALUE 999 INCREMENT BY 1 START WITH 15 NOCACHE  NOORDER  NOCYCLE ;
--------------------------------------------------------
--  DDL for Sequence SEQ_CERTIFICATE_NO
--------------------------------------------------------

   CREATE SEQUENCE  "EJOBB"."SEQ_CERTIFICATE_NO"  MINVALUE 1 MAXVALUE 999 INCREMENT BY 1 START WITH 15 NOCACHE  NOORDER  NOCYCLE ;
--------------------------------------------------------
--  DDL for Sequence SEQ_CHATROOM_NO
--------------------------------------------------------

   CREATE SEQUENCE  "EJOBB"."SEQ_CHATROOM_NO"  MINVALUE 1 MAXVALUE 999 INCREMENT BY 1 START WITH 1 NOCACHE  NOORDER  NOCYCLE ;
--------------------------------------------------------
--  DDL for Sequence SEQ_DRAFTING_NO
--------------------------------------------------------

   CREATE SEQUENCE  "EJOBB"."SEQ_DRAFTING_NO"  MINVALUE 1 MAXVALUE 999 INCREMENT BY 1 START WITH 3 NOCACHE  NOORDER  NOCYCLE ;
--------------------------------------------------------
--  DDL for Sequence SEQ_EAMIL_NO
--------------------------------------------------------

   CREATE SEQUENCE  "EJOBB"."SEQ_EAMIL_NO"  MINVALUE 1 MAXVALUE 999 INCREMENT BY 1 START WITH 1 NOCACHE  NOORDER  NOCYCLE ;
--------------------------------------------------------
--  DDL for Sequence SEQ_FAMILY_INFO_NO
--------------------------------------------------------

   CREATE SEQUENCE  "EJOBB"."SEQ_FAMILY_INFO_NO"  MINVALUE 1 MAXVALUE 999 INCREMENT BY 1 START WITH 15 NOCACHE  NOORDER  NOCYCLE ;
--------------------------------------------------------
--  DDL for Sequence SEQ_FILE_ATTATCHMENT_NO
--------------------------------------------------------

   CREATE SEQUENCE  "EJOBB"."SEQ_FILE_ATTATCHMENT_NO"  MINVALUE 1 MAXVALUE 999 INCREMENT BY 1 START WITH 15 NOCACHE  NOORDER  NOCYCLE ;
--------------------------------------------------------
--  DDL for Sequence SEQ_HOLIDAY_NO
--------------------------------------------------------

   CREATE SEQUENCE  "EJOBB"."SEQ_HOLIDAY_NO"  MINVALUE 1 MAXVALUE 999 INCREMENT BY 1 START WITH 5 NOCACHE  NOORDER  NOCYCLE ;
--------------------------------------------------------
--  DDL for Sequence SEQ_LICENSE_NO
--------------------------------------------------------

   CREATE SEQUENCE  "EJOBB"."SEQ_LICENSE_NO"  MINVALUE 1 MAXVALUE 999 INCREMENT BY 1 START WITH 15 NOCACHE  NOORDER  NOCYCLE ;
--------------------------------------------------------
--  DDL for Sequence SEQ_LINECODE_NO
--------------------------------------------------------

   CREATE SEQUENCE  "EJOBB"."SEQ_LINECODE_NO"  MINVALUE 1 MAXVALUE 999 INCREMENT BY 1 START WITH 1 NOCACHE  NOORDER  NOCYCLE ;
--------------------------------------------------------
--  DDL for Sequence SEQ_LINE_NO
--------------------------------------------------------

   CREATE SEQUENCE  "EJOBB"."SEQ_LINE_NO"  MINVALUE 1 MAXVALUE 999 INCREMENT BY 1 START WITH 3 NOCACHE  NOORDER  NOCYCLE ;
--------------------------------------------------------
--  DDL for Sequence SEQ_MEMBER_INFO_NO
--------------------------------------------------------

   CREATE SEQUENCE  "EJOBB"."SEQ_MEMBER_INFO_NO"  MINVALUE 1 MAXVALUE 999 INCREMENT BY 1 START WITH 15 NOCACHE  NOORDER  NOCYCLE ;
--------------------------------------------------------
--  DDL for Sequence SEQ_MEMBER_NO
--------------------------------------------------------

   CREATE SEQUENCE  "EJOBB"."SEQ_MEMBER_NO"  MINVALUE 1 MAXVALUE 999 INCREMENT BY 1 START WITH 16 NOCACHE  NOORDER  NOCYCLE ;
--------------------------------------------------------
--  DDL for Sequence SEQ_MODIFY_BONUS_NO
--------------------------------------------------------

   CREATE SEQUENCE  "EJOBB"."SEQ_MODIFY_BONUS_NO"  MINVALUE 1 MAXVALUE 999 INCREMENT BY 1 START WITH 1 NOCACHE  NOORDER  NOCYCLE ;
--------------------------------------------------------
--  DDL for Sequence SEQ_MODIFY_DEPT_NO
--------------------------------------------------------

   CREATE SEQUENCE  "EJOBB"."SEQ_MODIFY_DEPT_NO"  MINVALUE 1 MAXVALUE 999 INCREMENT BY 1 START WITH 29 NOCACHE  NOORDER  NOCYCLE ;
--------------------------------------------------------
--  DDL for Sequence SEQ_MODIFY_DRAFTING_NO
--------------------------------------------------------

   CREATE SEQUENCE  "EJOBB"."SEQ_MODIFY_DRAFTING_NO"  MINVALUE 1 MAXVALUE 999 INCREMENT BY 1 START WITH 1 NOCACHE  NOORDER  NOCYCLE ;
--------------------------------------------------------
--  DDL for Sequence SEQ_MODIFY_LINE_NO
--------------------------------------------------------

   CREATE SEQUENCE  "EJOBB"."SEQ_MODIFY_LINE_NO"  MINVALUE 1 MAXVALUE 999 INCREMENT BY 1 START WITH 1 NOCACHE  NOORDER  NOCYCLE ;
--------------------------------------------------------
--  DDL for Sequence SEQ_MODIFY_NO
--------------------------------------------------------

   CREATE SEQUENCE  "EJOBB"."SEQ_MODIFY_NO"  MINVALUE 1 MAXVALUE 999 INCREMENT BY 1 START WITH 15 NOCACHE  NOORDER  NOCYCLE ;
--------------------------------------------------------
--  DDL for Sequence SEQ_MODIFY_PAYMENT_NO
--------------------------------------------------------

   CREATE SEQUENCE  "EJOBB"."SEQ_MODIFY_PAYMENT_NO"  MINVALUE 1 MAXVALUE 999 INCREMENT BY 1 START WITH 1 NOCACHE  NOORDER  NOCYCLE ;
--------------------------------------------------------
--  DDL for Sequence SEQ_MODIFY_SPOT_NO
--------------------------------------------------------

   CREATE SEQUENCE  "EJOBB"."SEQ_MODIFY_SPOT_NO"  MINVALUE 1 MAXVALUE 999 INCREMENT BY 1 START WITH 19 NOCACHE  NOORDER  NOCYCLE ;
--------------------------------------------------------
--  DDL for Sequence SEQ_PAYMENT_NO
--------------------------------------------------------

   CREATE SEQUENCE  "EJOBB"."SEQ_PAYMENT_NO"  MINVALUE 1 MAXVALUE 999 INCREMENT BY 1 START WITH 1 NOCACHE  NOORDER  NOCYCLE ;
--------------------------------------------------------
--  DDL for Sequence SEQ_PER_NO
--------------------------------------------------------

   CREATE SEQUENCE  "EJOBB"."SEQ_PER_NO"  MINVALUE 1 MAXVALUE 999 INCREMENT BY 1 START WITH 29 NOCACHE  NOORDER  NOCYCLE ;
--------------------------------------------------------
--  DDL for Sequence SEQ_PHOTO_NUM
--------------------------------------------------------

   CREATE SEQUENCE  "EJOBB"."SEQ_PHOTO_NUM"  MINVALUE 1 MAXVALUE 999 INCREMENT BY 1 START WITH 1 NOCACHE  NOORDER  NOCYCLE ;
--------------------------------------------------------
--  DDL for Sequence SEQ_READING_NO
--------------------------------------------------------

   CREATE SEQUENCE  "EJOBB"."SEQ_READING_NO"  MINVALUE 1 MAXVALUE 999 INCREMENT BY 1 START WITH 1 NOCACHE  NOORDER  NOCYCLE ;
--------------------------------------------------------
--  DDL for Sequence SEQ_ROLE_NO
--------------------------------------------------------

   CREATE SEQUENCE  "EJOBB"."SEQ_ROLE_NO"  MINVALUE 1 MAXVALUE 999 INCREMENT BY 1 START WITH 16 NOCACHE  NOORDER  NOCYCLE ;
--------------------------------------------------------
--  DDL for Sequence SEQ_SCHEDULE_NO
--------------------------------------------------------

   CREATE SEQUENCE  "EJOBB"."SEQ_SCHEDULE_NO"  MINVALUE 1 MAXVALUE 999 INCREMENT BY 1 START WITH 17 NOCACHE  NOORDER  NOCYCLE ;
--------------------------------------------------------
--  DDL for Sequence SEQ_VACATION_NO
--------------------------------------------------------

   CREATE SEQUENCE  "EJOBB"."SEQ_VACATION_NO"  MINVALUE 1 MAXVALUE 999 INCREMENT BY 1 START WITH 9 NOCACHE  NOORDER  NOCYCLE ;
--------------------------------------------------------
--  DDL for Sequence SEQ_WEEK_WORK_STATISTIC_NO
--------------------------------------------------------

   CREATE SEQUENCE  "EJOBB"."SEQ_WEEK_WORK_STATISTIC_NO"  MINVALUE 1 MAXVALUE 999 INCREMENT BY 1 START WITH 68 NOCACHE  NOORDER  NOCYCLE ;
--------------------------------------------------------
--  DDL for Sequence SEQ_WORKCONTRACT_NO
--------------------------------------------------------

   CREATE SEQUENCE  "EJOBB"."SEQ_WORKCONTRACT_NO"  MINVALUE 1 MAXVALUE 999 INCREMENT BY 1 START WITH 1 NOCACHE  NOORDER  NOCYCLE ;
--------------------------------------------------------
--  DDL for Sequence SEQ_WORKSTATUS_NO
--------------------------------------------------------

   CREATE SEQUENCE  "EJOBB"."SEQ_WORKSTATUS_NO"  MINVALUE 1 MAXVALUE 999 INCREMENT BY 1 START WITH 15 NOCACHE  NOORDER  NOCYCLE ;
--------------------------------------------------------
--  DDL for Table BB_ABSENCE
--------------------------------------------------------

  CREATE TABLE "EJOBB"."BB_ABSENCE" 
   (	"ABSENCE_NO" NUMBER, 
	"ABSENCE_START" DATE DEFAULT SYSDATE, 
	"ABSENCE_END" DATE DEFAULT SYSDATE, 
	"ABSENCE_APPROVE" VARCHAR2(30 BYTE), 
	"ABSENCE_USED" VARCHAR2(30 BYTE), 
	"ABSENCE_ABSUSED" VARCHAR2(30 BYTE), 
	"DRAFTING_NO" NUMBER, 
	"DEPT_CODE" VARCHAR2(30 BYTE), 
	"SPOT_CODE" VARCHAR2(30 BYTE)
   ) SEGMENT CREATION IMMEDIATE 
  PCTFREE 10 PCTUSED 40 INITRANS 1 MAXTRANS 255 NOCOMPRESS LOGGING
  STORAGE(INITIAL 65536 NEXT 1048576 MINEXTENTS 1 MAXEXTENTS 2147483645
  PCTINCREASE 0 FREELISTS 1 FREELIST GROUPS 1 BUFFER_POOL DEFAULT FLASH_CACHE DEFAULT CELL_FLASH_CACHE DEFAULT)
  TABLESPACE "SYSTEM" ;

   COMMENT ON COLUMN "EJOBB"."BB_ABSENCE"."ABSENCE_NO" IS '부재자관리번호';
   COMMENT ON COLUMN "EJOBB"."BB_ABSENCE"."ABSENCE_START" IS '시작일';
   COMMENT ON COLUMN "EJOBB"."BB_ABSENCE"."ABSENCE_END" IS '종료일';
   COMMENT ON COLUMN "EJOBB"."BB_ABSENCE"."ABSENCE_APPROVE" IS '승인여부';
   COMMENT ON COLUMN "EJOBB"."BB_ABSENCE"."ABSENCE_USED" IS '사용여부';
   COMMENT ON COLUMN "EJOBB"."BB_ABSENCE"."ABSENCE_ABSUSED" IS '부재사용';
   COMMENT ON COLUMN "EJOBB"."BB_ABSENCE"."DRAFTING_NO" IS '기안번호';
   COMMENT ON COLUMN "EJOBB"."BB_ABSENCE"."DEPT_CODE" IS '부서코드';
   COMMENT ON COLUMN "EJOBB"."BB_ABSENCE"."SPOT_CODE" IS '직위코드';
--------------------------------------------------------
--  DDL for Table BB_ALRAM
--------------------------------------------------------

  CREATE TABLE "EJOBB"."BB_ALRAM" 
   (	"ALRAM_NO" NUMBER, 
	"ALRAM_DATE" DATE DEFAULT SYSDATE, 
	"ALRAM_BODY" VARCHAR2(200 BYTE), 
	"ALRAM_STATUS" VARCHAR2(10 BYTE), 
	"MEMBER_NO" NUMBER
   ) SEGMENT CREATION IMMEDIATE 
  PCTFREE 10 PCTUSED 40 INITRANS 1 MAXTRANS 255 NOCOMPRESS LOGGING
  STORAGE(INITIAL 65536 NEXT 1048576 MINEXTENTS 1 MAXEXTENTS 2147483645
  PCTINCREASE 0 FREELISTS 1 FREELIST GROUPS 1 BUFFER_POOL DEFAULT FLASH_CACHE DEFAULT CELL_FLASH_CACHE DEFAULT)
  TABLESPACE "SYSTEM" ;

   COMMENT ON COLUMN "EJOBB"."BB_ALRAM"."ALRAM_NO" IS '알람고유번호';
   COMMENT ON COLUMN "EJOBB"."BB_ALRAM"."ALRAM_DATE" IS '알람일자';
   COMMENT ON COLUMN "EJOBB"."BB_ALRAM"."ALRAM_BODY" IS '알림메세지내용';
   COMMENT ON COLUMN "EJOBB"."BB_ALRAM"."ALRAM_STATUS" IS '알람삭제여부';
   COMMENT ON COLUMN "EJOBB"."BB_ALRAM"."MEMBER_NO" IS '사번';
--------------------------------------------------------
--  DDL for Table BB_ALRAM_TYPE
--------------------------------------------------------

  CREATE TABLE "EJOBB"."BB_ALRAM_TYPE" 
   (	"ALRAM_CODE" VARCHAR2(10 BYTE), 
	"ALRAM_NAME" VARCHAR2(100 BYTE), 
	"ALRAM_NO" NUMBER
   ) SEGMENT CREATION IMMEDIATE 
  PCTFREE 10 PCTUSED 40 INITRANS 1 MAXTRANS 255 NOCOMPRESS LOGGING
  STORAGE(INITIAL 65536 NEXT 1048576 MINEXTENTS 1 MAXEXTENTS 2147483645
  PCTINCREASE 0 FREELISTS 1 FREELIST GROUPS 1 BUFFER_POOL DEFAULT FLASH_CACHE DEFAULT CELL_FLASH_CACHE DEFAULT)
  TABLESPACE "SYSTEM" ;

   COMMENT ON COLUMN "EJOBB"."BB_ALRAM_TYPE"."ALRAM_CODE" IS '알람코드';
   COMMENT ON COLUMN "EJOBB"."BB_ALRAM_TYPE"."ALRAM_NAME" IS '알람명';
   COMMENT ON COLUMN "EJOBB"."BB_ALRAM_TYPE"."ALRAM_NO" IS '알람고유번호';
--------------------------------------------------------
--  DDL for Table BB_APPROVE
--------------------------------------------------------

  CREATE TABLE "EJOBB"."BB_APPROVE" 
   (	"APPROVE_CODE" NUMBER, 
	"APPROVE_STATUS" VARCHAR2(9 BYTE), 
	"DRAFTING_NO" NUMBER, 
	"LINE_NO" NUMBER
   ) SEGMENT CREATION IMMEDIATE 
  PCTFREE 10 PCTUSED 40 INITRANS 1 MAXTRANS 255 NOCOMPRESS LOGGING
  STORAGE(INITIAL 65536 NEXT 1048576 MINEXTENTS 1 MAXEXTENTS 2147483645
  PCTINCREASE 0 FREELISTS 1 FREELIST GROUPS 1 BUFFER_POOL DEFAULT FLASH_CACHE DEFAULT CELL_FLASH_CACHE DEFAULT)
  TABLESPACE "SYSTEM" ;

   COMMENT ON COLUMN "EJOBB"."BB_APPROVE"."APPROVE_CODE" IS '승인여부코드';
   COMMENT ON COLUMN "EJOBB"."BB_APPROVE"."APPROVE_STATUS" IS '승인여부';
   COMMENT ON COLUMN "EJOBB"."BB_APPROVE"."DRAFTING_NO" IS '기안번호';
   COMMENT ON COLUMN "EJOBB"."BB_APPROVE"."LINE_NO" IS '결재선순번';
--------------------------------------------------------
--  DDL for Table BB_ARMY
--------------------------------------------------------

  CREATE TABLE "EJOBB"."BB_ARMY" 
   (	"ARMY_NO" NUMBER, 
	"ARMY_BRANCH" VARCHAR2(80 BYTE), 
	"ARMY_CLASS" VARCHAR2(50 BYTE), 
	"ARMY_SERVICE_NUM" VARCHAR2(80 BYTE), 
	"ARMY_DISCHARGE" VARCHAR2(30 BYTE), 
	"ARMY_START" DATE DEFAULT SYSDATE, 
	"ARMY_END" DATE DEFAULT SYSDATE, 
	"ARMY_REASON" VARCHAR2(300 BYTE), 
	"MEMBER_NO" NUMBER
   ) SEGMENT CREATION IMMEDIATE 
  PCTFREE 10 PCTUSED 40 INITRANS 1 MAXTRANS 255 NOCOMPRESS LOGGING
  STORAGE(INITIAL 65536 NEXT 1048576 MINEXTENTS 1 MAXEXTENTS 2147483645
  PCTINCREASE 0 FREELISTS 1 FREELIST GROUPS 1 BUFFER_POOL DEFAULT FLASH_CACHE DEFAULT CELL_FLASH_CACHE DEFAULT)
  TABLESPACE "SYSTEM" ;

   COMMENT ON COLUMN "EJOBB"."BB_ARMY"."ARMY_NO" IS '병역번호';
   COMMENT ON COLUMN "EJOBB"."BB_ARMY"."ARMY_BRANCH" IS '군별';
   COMMENT ON COLUMN "EJOBB"."BB_ARMY"."ARMY_CLASS" IS '계급';
   COMMENT ON COLUMN "EJOBB"."BB_ARMY"."ARMY_SERVICE_NUM" IS '군번';
   COMMENT ON COLUMN "EJOBB"."BB_ARMY"."ARMY_DISCHARGE" IS '전역구분';
   COMMENT ON COLUMN "EJOBB"."BB_ARMY"."ARMY_START" IS '입대일';
   COMMENT ON COLUMN "EJOBB"."BB_ARMY"."ARMY_END" IS '전역일';
   COMMENT ON COLUMN "EJOBB"."BB_ARMY"."ARMY_REASON" IS '기타사유';
   COMMENT ON COLUMN "EJOBB"."BB_ARMY"."MEMBER_NO" IS '사번';
--------------------------------------------------------
--  DDL for Table BB_ATTACHMENT_TYPE
--------------------------------------------------------

  CREATE TABLE "EJOBB"."BB_ATTACHMENT_TYPE" 
   (	"ATTACHMENT_TYPE_NO" VARCHAR2(8 BYTE), 
	"ATTACHMENT_NAME" VARCHAR2(10 BYTE)
   ) SEGMENT CREATION IMMEDIATE 
  PCTFREE 10 PCTUSED 40 INITRANS 1 MAXTRANS 255 NOCOMPRESS LOGGING
  STORAGE(INITIAL 65536 NEXT 1048576 MINEXTENTS 1 MAXEXTENTS 2147483645
  PCTINCREASE 0 FREELISTS 1 FREELIST GROUPS 1 BUFFER_POOL DEFAULT FLASH_CACHE DEFAULT CELL_FLASH_CACHE DEFAULT)
  TABLESPACE "SYSTEM" ;

   COMMENT ON COLUMN "EJOBB"."BB_ATTACHMENT_TYPE"."ATTACHMENT_TYPE_NO" IS '첨부파일코드';
   COMMENT ON COLUMN "EJOBB"."BB_ATTACHMENT_TYPE"."ATTACHMENT_NAME" IS '파일첨부종류';
--------------------------------------------------------
--  DDL for Table BB_BOARD
--------------------------------------------------------

  CREATE TABLE "EJOBB"."BB_BOARD" 
   (	"BOARD_NO" NUMBER, 
	"BOARD_TYPE" VARCHAR2(50 BYTE), 
	"BOARD_TITLE" VARCHAR2(100 BYTE), 
	"BOARD_BODY" CLOB, 
	"BOARD_WRITER" VARCHAR2(50 BYTE), 
	"BOARD_STATUS" VARCHAR2(50 BYTE), 
	"BOARD_FILEATTACHMENT" VARCHAR2(1000 BYTE), 
	"BOARD_COUNT" NUMBER DEFAULT 0, 
	"BOARD_ENROLL_DATE" DATE DEFAULT SYSDATE, 
	"BOARD_END_DATE" DATE, 
	"MEMBER_NO" NUMBER
   ) SEGMENT CREATION IMMEDIATE 
  PCTFREE 10 PCTUSED 40 INITRANS 1 MAXTRANS 255 NOCOMPRESS LOGGING
  STORAGE(INITIAL 65536 NEXT 1048576 MINEXTENTS 1 MAXEXTENTS 2147483645
  PCTINCREASE 0 FREELISTS 1 FREELIST GROUPS 1 BUFFER_POOL DEFAULT FLASH_CACHE DEFAULT CELL_FLASH_CACHE DEFAULT)
  TABLESPACE "SYSTEM" 
 LOB ("BOARD_BODY") STORE AS BASICFILE (
  TABLESPACE "SYSTEM" ENABLE STORAGE IN ROW CHUNK 8192 RETENTION 
  NOCACHE LOGGING 
  STORAGE(INITIAL 65536 NEXT 1048576 MINEXTENTS 1 MAXEXTENTS 2147483645
  PCTINCREASE 0 FREELISTS 1 FREELIST GROUPS 1 BUFFER_POOL DEFAULT FLASH_CACHE DEFAULT CELL_FLASH_CACHE DEFAULT)) ;

   COMMENT ON COLUMN "EJOBB"."BB_BOARD"."BOARD_NO" IS '게시판번호';
   COMMENT ON COLUMN "EJOBB"."BB_BOARD"."BOARD_TYPE" IS '게시판 분류';
   COMMENT ON COLUMN "EJOBB"."BB_BOARD"."BOARD_TITLE" IS '제목';
   COMMENT ON COLUMN "EJOBB"."BB_BOARD"."BOARD_BODY" IS '내용';
   COMMENT ON COLUMN "EJOBB"."BB_BOARD"."BOARD_STATUS" IS '게시물 상태';
   COMMENT ON COLUMN "EJOBB"."BB_BOARD"."BOARD_FILEATTACHMENT" IS '파일첨부';
   COMMENT ON COLUMN "EJOBB"."BB_BOARD"."BOARD_COUNT" IS '조회수';
   COMMENT ON COLUMN "EJOBB"."BB_BOARD"."BOARD_ENROLL_DATE" IS '등록날짜';
   COMMENT ON COLUMN "EJOBB"."BB_BOARD"."BOARD_END_DATE" IS '만료날짜';
   COMMENT ON COLUMN "EJOBB"."BB_BOARD"."MEMBER_NO" IS '사번';
--------------------------------------------------------
--  DDL for Table BB_BONUS
--------------------------------------------------------

  CREATE TABLE "EJOBB"."BB_BONUS" 
   (	"BONUS_NO" NUMBER, 
	"BONUS_REASON" VARCHAR2(800 BYTE), 
	"BONUS_DATE" DATE DEFAULT SYSDATE, 
	"BONUS_TYPE" VARCHAR2(40 BYTE), 
	"BONUS_BODY" VARCHAR2(500 BYTE), 
	"MEMBER_NO" NUMBER, 
	"APPROVE_CODE" NUMBER
   ) SEGMENT CREATION IMMEDIATE 
  PCTFREE 10 PCTUSED 40 INITRANS 1 MAXTRANS 255 NOCOMPRESS LOGGING
  STORAGE(INITIAL 65536 NEXT 1048576 MINEXTENTS 1 MAXEXTENTS 2147483645
  PCTINCREASE 0 FREELISTS 1 FREELIST GROUPS 1 BUFFER_POOL DEFAULT FLASH_CACHE DEFAULT CELL_FLASH_CACHE DEFAULT)
  TABLESPACE "SYSTEM" ;

   COMMENT ON COLUMN "EJOBB"."BB_BONUS"."BONUS_NO" IS '상벌내역번호';
   COMMENT ON COLUMN "EJOBB"."BB_BONUS"."BONUS_REASON" IS '상벌사유';
   COMMENT ON COLUMN "EJOBB"."BB_BONUS"."BONUS_DATE" IS '일자';
   COMMENT ON COLUMN "EJOBB"."BB_BONUS"."BONUS_TYPE" IS '상벌구분';
   COMMENT ON COLUMN "EJOBB"."BB_BONUS"."BONUS_BODY" IS '상벌내용';
   COMMENT ON COLUMN "EJOBB"."BB_BONUS"."MEMBER_NO" IS '사번';
   COMMENT ON COLUMN "EJOBB"."BB_BONUS"."APPROVE_CODE" IS '승인여부코드';
--------------------------------------------------------
--  DDL for Table BB_CAREER
--------------------------------------------------------

  CREATE TABLE "EJOBB"."BB_CAREER" 
   (	"CAREER_NO" NUMBER, 
	"CAREER_START" DATE DEFAULT SYSDATE, 
	"CAREER_END" DATE DEFAULT SYSDATE, 
	"CAREER_POSITION" VARCHAR2(100 BYTE), 
	"MEMBER_NO" NUMBER
   ) SEGMENT CREATION IMMEDIATE 
  PCTFREE 10 PCTUSED 40 INITRANS 1 MAXTRANS 255 NOCOMPRESS LOGGING
  STORAGE(INITIAL 65536 NEXT 1048576 MINEXTENTS 1 MAXEXTENTS 2147483645
  PCTINCREASE 0 FREELISTS 1 FREELIST GROUPS 1 BUFFER_POOL DEFAULT FLASH_CACHE DEFAULT CELL_FLASH_CACHE DEFAULT)
  TABLESPACE "SYSTEM" ;

   COMMENT ON COLUMN "EJOBB"."BB_CAREER"."CAREER_NO" IS '경력번호';
   COMMENT ON COLUMN "EJOBB"."BB_CAREER"."CAREER_START" IS '시작일';
   COMMENT ON COLUMN "EJOBB"."BB_CAREER"."CAREER_END" IS '종료일';
   COMMENT ON COLUMN "EJOBB"."BB_CAREER"."CAREER_POSITION" IS '근무처';
   COMMENT ON COLUMN "EJOBB"."BB_CAREER"."MEMBER_NO" IS '사번';
--------------------------------------------------------
--  DDL for Table BB_CERTIFICATE
--------------------------------------------------------

  CREATE TABLE "EJOBB"."BB_CERTIFICATE" 
   (	"CERTIFICATE_NO" NUMBER, 
	"CERTIFICATE_START_DATE" DATE DEFAULT SYSDATE, 
	"CERTIFICATE_END_DATE" DATE DEFAULT SYSDATE, 
	"MEMBER_NO" NUMBER, 
	"CERTIFICATE_CODE" VARCHAR2(100 BYTE)
   ) SEGMENT CREATION IMMEDIATE 
  PCTFREE 10 PCTUSED 40 INITRANS 1 MAXTRANS 255 NOCOMPRESS LOGGING
  STORAGE(INITIAL 65536 NEXT 1048576 MINEXTENTS 1 MAXEXTENTS 2147483645
  PCTINCREASE 0 FREELISTS 1 FREELIST GROUPS 1 BUFFER_POOL DEFAULT FLASH_CACHE DEFAULT CELL_FLASH_CACHE DEFAULT)
  TABLESPACE "SYSTEM" ;

   COMMENT ON COLUMN "EJOBB"."BB_CERTIFICATE"."CERTIFICATE_NO" IS '자격번호';
   COMMENT ON COLUMN "EJOBB"."BB_CERTIFICATE"."CERTIFICATE_START_DATE" IS '취득일';
   COMMENT ON COLUMN "EJOBB"."BB_CERTIFICATE"."CERTIFICATE_END_DATE" IS '만료일';
   COMMENT ON COLUMN "EJOBB"."BB_CERTIFICATE"."MEMBER_NO" IS '사번';
   COMMENT ON COLUMN "EJOBB"."BB_CERTIFICATE"."CERTIFICATE_CODE" IS '자격증코드명';
--------------------------------------------------------
--  DDL for Table BB_CERTIFICATE_CODE
--------------------------------------------------------

  CREATE TABLE "EJOBB"."BB_CERTIFICATE_CODE" 
   (	"CERTIFICATE_CODE" VARCHAR2(50 BYTE), 
	"CERTIFICATE_NAME" VARCHAR2(80 BYTE)
   ) SEGMENT CREATION IMMEDIATE 
  PCTFREE 10 PCTUSED 40 INITRANS 1 MAXTRANS 255 NOCOMPRESS LOGGING
  STORAGE(INITIAL 65536 NEXT 1048576 MINEXTENTS 1 MAXEXTENTS 2147483645
  PCTINCREASE 0 FREELISTS 1 FREELIST GROUPS 1 BUFFER_POOL DEFAULT FLASH_CACHE DEFAULT CELL_FLASH_CACHE DEFAULT)
  TABLESPACE "SYSTEM" ;

   COMMENT ON COLUMN "EJOBB"."BB_CERTIFICATE_CODE"."CERTIFICATE_CODE" IS '자격증코드명';
   COMMENT ON COLUMN "EJOBB"."BB_CERTIFICATE_CODE"."CERTIFICATE_NAME" IS '자격증명';
--------------------------------------------------------
--  DDL for Table BB_CHAT
--------------------------------------------------------

  CREATE TABLE "EJOBB"."BB_CHAT" 
   (	"CHAT_CODE" VARCHAR2(100 BYTE), 
	"CHAT_BODY" VARCHAR2(500 BYTE), 
	"TRANSFER_TIME" DATE DEFAULT SYSDATE, 
	"CHAT_FILE" VARCHAR2(1000 BYTE), 
	"MEMBER_NO" NUMBER, 
	"CHATROOM_NO" NUMBER
   ) SEGMENT CREATION IMMEDIATE 
  PCTFREE 10 PCTUSED 40 INITRANS 1 MAXTRANS 255 NOCOMPRESS LOGGING
  STORAGE(INITIAL 65536 NEXT 1048576 MINEXTENTS 1 MAXEXTENTS 2147483645
  PCTINCREASE 0 FREELISTS 1 FREELIST GROUPS 1 BUFFER_POOL DEFAULT FLASH_CACHE DEFAULT CELL_FLASH_CACHE DEFAULT)
  TABLESPACE "SYSTEM" ;

   COMMENT ON COLUMN "EJOBB"."BB_CHAT"."CHAT_CODE" IS '채팅코드';
   COMMENT ON COLUMN "EJOBB"."BB_CHAT"."CHAT_BODY" IS '채팅내용';
   COMMENT ON COLUMN "EJOBB"."BB_CHAT"."TRANSFER_TIME" IS '전송시간';
   COMMENT ON COLUMN "EJOBB"."BB_CHAT"."CHAT_FILE" IS '이미지여부';
   COMMENT ON COLUMN "EJOBB"."BB_CHAT"."MEMBER_NO" IS '사원번호';
   COMMENT ON COLUMN "EJOBB"."BB_CHAT"."CHATROOM_NO" IS '채팅방번호';
--------------------------------------------------------
--  DDL for Table BB_CHATROOM_NO
--------------------------------------------------------

  CREATE TABLE "EJOBB"."BB_CHATROOM_NO" 
   (	"CHATROOM_NO" NUMBER, 
	"LAST_CONNECT_TIME" DATE DEFAULT SYSDATE, 
	"MEMBER_NO" NUMBER
   ) SEGMENT CREATION IMMEDIATE 
  PCTFREE 10 PCTUSED 40 INITRANS 1 MAXTRANS 255 NOCOMPRESS LOGGING
  STORAGE(INITIAL 65536 NEXT 1048576 MINEXTENTS 1 MAXEXTENTS 2147483645
  PCTINCREASE 0 FREELISTS 1 FREELIST GROUPS 1 BUFFER_POOL DEFAULT FLASH_CACHE DEFAULT CELL_FLASH_CACHE DEFAULT)
  TABLESPACE "SYSTEM" ;

   COMMENT ON COLUMN "EJOBB"."BB_CHATROOM_NO"."CHATROOM_NO" IS '채팅방번호';
   COMMENT ON COLUMN "EJOBB"."BB_CHATROOM_NO"."LAST_CONNECT_TIME" IS '마지막접속시간';
   COMMENT ON COLUMN "EJOBB"."BB_CHATROOM_NO"."MEMBER_NO" IS '사번';
--------------------------------------------------------
--  DDL for Table BB_CHAT_READ_STATUS
--------------------------------------------------------

  CREATE TABLE "EJOBB"."BB_CHAT_READ_STATUS" 
   (	"READ_STATUS" VARCHAR2(20 BYTE), 
	"CHAT_CODE" VARCHAR2(100 BYTE)
   ) SEGMENT CREATION IMMEDIATE 
  PCTFREE 10 PCTUSED 40 INITRANS 1 MAXTRANS 255 NOCOMPRESS LOGGING
  STORAGE(INITIAL 65536 NEXT 1048576 MINEXTENTS 1 MAXEXTENTS 2147483645
  PCTINCREASE 0 FREELISTS 1 FREELIST GROUPS 1 BUFFER_POOL DEFAULT FLASH_CACHE DEFAULT CELL_FLASH_CACHE DEFAULT)
  TABLESPACE "SYSTEM" ;

   COMMENT ON COLUMN "EJOBB"."BB_CHAT_READ_STATUS"."READ_STATUS" IS '읽음여부';
   COMMENT ON COLUMN "EJOBB"."BB_CHAT_READ_STATUS"."CHAT_CODE" IS '채팅코드';
--------------------------------------------------------
--  DDL for Table BB_DEPT
--------------------------------------------------------

  CREATE TABLE "EJOBB"."BB_DEPT" 
   (	"DEPT_CODE" VARCHAR2(20 BYTE), 
	"DEPT_NAME" VARCHAR2(100 BYTE), 
	"DEPT_UPPER" VARCHAR2(100 BYTE), 
	"DEPT_LEVEL" NUMBER
   ) SEGMENT CREATION IMMEDIATE 
  PCTFREE 10 PCTUSED 40 INITRANS 1 MAXTRANS 255 NOCOMPRESS LOGGING
  STORAGE(INITIAL 65536 NEXT 1048576 MINEXTENTS 1 MAXEXTENTS 2147483645
  PCTINCREASE 0 FREELISTS 1 FREELIST GROUPS 1 BUFFER_POOL DEFAULT FLASH_CACHE DEFAULT CELL_FLASH_CACHE DEFAULT)
  TABLESPACE "SYSTEM" ;

   COMMENT ON COLUMN "EJOBB"."BB_DEPT"."DEPT_CODE" IS '부서코드';
   COMMENT ON COLUMN "EJOBB"."BB_DEPT"."DEPT_NAME" IS '부서명';
   COMMENT ON COLUMN "EJOBB"."BB_DEPT"."DEPT_UPPER" IS '상위부서';
   COMMENT ON COLUMN "EJOBB"."BB_DEPT"."DEPT_LEVEL" IS '부서등급';
--------------------------------------------------------
--  DDL for Table BB_DRAFTING
--------------------------------------------------------

  CREATE TABLE "EJOBB"."BB_DRAFTING" 
   (	"DRAFTING_NO" NUMBER, 
	"DRAFTING_DATE" DATE DEFAULT SYSDATE, 
	"DRAFTING_COMPLETE_DATE" DATE, 
	"DRAFTING_COMPLETE_STATUS" VARCHAR2(40 BYTE), 
	"DRAFTING_DOCUMENTS_NAME" VARCHAR2(200 BYTE), 
	"DRAFTING_DOCUMENTS_CONTENTS" VARCHAR2(1000 BYTE), 
	"DRAFTING_EMERGENCY" VARCHAR2(30 BYTE), 
	"MEMBER_NO" NUMBER, 
	"PAYMENT_NO" NUMBER
   ) SEGMENT CREATION IMMEDIATE 
  PCTFREE 10 PCTUSED 40 INITRANS 1 MAXTRANS 255 NOCOMPRESS LOGGING
  STORAGE(INITIAL 65536 NEXT 1048576 MINEXTENTS 1 MAXEXTENTS 2147483645
  PCTINCREASE 0 FREELISTS 1 FREELIST GROUPS 1 BUFFER_POOL DEFAULT FLASH_CACHE DEFAULT CELL_FLASH_CACHE DEFAULT)
  TABLESPACE "SYSTEM" ;

   COMMENT ON COLUMN "EJOBB"."BB_DRAFTING"."DRAFTING_NO" IS '기안번호';
   COMMENT ON COLUMN "EJOBB"."BB_DRAFTING"."DRAFTING_DATE" IS '기안일';
   COMMENT ON COLUMN "EJOBB"."BB_DRAFTING"."DRAFTING_COMPLETE_DATE" IS '결재완료일';
   COMMENT ON COLUMN "EJOBB"."BB_DRAFTING"."DRAFTING_COMPLETE_STATUS" IS '승인여부';
   COMMENT ON COLUMN "EJOBB"."BB_DRAFTING"."DRAFTING_DOCUMENTS_NAME" IS '문서제목';
   COMMENT ON COLUMN "EJOBB"."BB_DRAFTING"."DRAFTING_DOCUMENTS_CONTENTS" IS '문서내용';
   COMMENT ON COLUMN "EJOBB"."BB_DRAFTING"."DRAFTING_EMERGENCY" IS '긴급여부';
   COMMENT ON COLUMN "EJOBB"."BB_DRAFTING"."MEMBER_NO" IS '사번';
   COMMENT ON COLUMN "EJOBB"."BB_DRAFTING"."PAYMENT_NO" IS '결재양식번호';
--------------------------------------------------------
--  DDL for Table BB_EMAIL
--------------------------------------------------------

  CREATE TABLE "EJOBB"."BB_EMAIL" 
   (	"EMAIL_NO" NUMBER, 
	"EMAIL_TITLE" VARCHAR2(100 BYTE), 
	"EMAIL_BODY" VARCHAR2(2000 BYTE), 
	"FILE_ATTACH" VARCHAR2(2000 BYTE), 
	"EMAIL_ADDRESS" VARCHAR2(200 BYTE), 
	"MEMBER_NO" NUMBER
   ) SEGMENT CREATION IMMEDIATE 
  PCTFREE 10 PCTUSED 40 INITRANS 1 MAXTRANS 255 NOCOMPRESS LOGGING
  STORAGE(INITIAL 65536 NEXT 1048576 MINEXTENTS 1 MAXEXTENTS 2147483645
  PCTINCREASE 0 FREELISTS 1 FREELIST GROUPS 1 BUFFER_POOL DEFAULT FLASH_CACHE DEFAULT CELL_FLASH_CACHE DEFAULT)
  TABLESPACE "SYSTEM" ;

   COMMENT ON COLUMN "EJOBB"."BB_EMAIL"."EMAIL_NO" IS '이메일번호';
   COMMENT ON COLUMN "EJOBB"."BB_EMAIL"."EMAIL_BODY" IS '내용';
   COMMENT ON COLUMN "EJOBB"."BB_EMAIL"."FILE_ATTACH" IS '첨부파일';
   COMMENT ON COLUMN "EJOBB"."BB_EMAIL"."EMAIL_ADDRESS" IS '이메일주소';
   COMMENT ON COLUMN "EJOBB"."BB_EMAIL"."MEMBER_NO" IS '사번';
--------------------------------------------------------
--  DDL for Table BB_FAMILY_INFO
--------------------------------------------------------

  CREATE TABLE "EJOBB"."BB_FAMILY_INFO" 
   (	"FAMILY_INFO_NO" NUMBER, 
	"FAMILY_NAME" VARCHAR2(100 BYTE), 
	"FAMILY_RELATION" VARCHAR2(50 BYTE), 
	"GENDER" VARCHAR2(10 BYTE), 
	"FAMILY_BIRTHDAY" DATE, 
	"FAMILY_STUDY" VARCHAR2(100 BYTE), 
	"FAMILY_JOB" VARCHAR2(100 BYTE), 
	"MEMBER_NO" NUMBER
   ) SEGMENT CREATION IMMEDIATE 
  PCTFREE 10 PCTUSED 40 INITRANS 1 MAXTRANS 255 NOCOMPRESS LOGGING
  STORAGE(INITIAL 65536 NEXT 1048576 MINEXTENTS 1 MAXEXTENTS 2147483645
  PCTINCREASE 0 FREELISTS 1 FREELIST GROUPS 1 BUFFER_POOL DEFAULT FLASH_CACHE DEFAULT CELL_FLASH_CACHE DEFAULT)
  TABLESPACE "SYSTEM" ;

   COMMENT ON COLUMN "EJOBB"."BB_FAMILY_INFO"."FAMILY_INFO_NO" IS '가족사항번호';
   COMMENT ON COLUMN "EJOBB"."BB_FAMILY_INFO"."FAMILY_RELATION" IS '가족관계';
   COMMENT ON COLUMN "EJOBB"."BB_FAMILY_INFO"."GENDER" IS '성별';
   COMMENT ON COLUMN "EJOBB"."BB_FAMILY_INFO"."FAMILY_BIRTHDAY" IS '생년월일';
   COMMENT ON COLUMN "EJOBB"."BB_FAMILY_INFO"."FAMILY_STUDY" IS '학력';
   COMMENT ON COLUMN "EJOBB"."BB_FAMILY_INFO"."FAMILY_JOB" IS '직업';
   COMMENT ON COLUMN "EJOBB"."BB_FAMILY_INFO"."MEMBER_NO" IS '사번';
--------------------------------------------------------
--  DDL for Table BB_FILEATTACHMENT
--------------------------------------------------------

  CREATE TABLE "EJOBB"."BB_FILEATTACHMENT" 
   (	"FILE_ATTACHMENT_NO" NUMBER, 
	"FILE_ATTACHMENT_PATH" VARCHAR2(200 BYTE), 
	"ORIGINAL_NAME" VARCHAR2(200 BYTE), 
	"SAVED_NAME" VARCHAR2(200 BYTE), 
	"ATTACHMENT_TYPE" VARCHAR2(50 BYTE), 
	"ATTACHMENT_DATE" DATE DEFAULT SYSDATE, 
	"ATTACHMENT_TYPE_NO" VARCHAR2(10 BYTE), 
	"MEMBER_NO" NUMBER
   ) SEGMENT CREATION IMMEDIATE 
  PCTFREE 10 PCTUSED 40 INITRANS 1 MAXTRANS 255 NOCOMPRESS LOGGING
  STORAGE(INITIAL 65536 NEXT 1048576 MINEXTENTS 1 MAXEXTENTS 2147483645
  PCTINCREASE 0 FREELISTS 1 FREELIST GROUPS 1 BUFFER_POOL DEFAULT FLASH_CACHE DEFAULT CELL_FLASH_CACHE DEFAULT)
  TABLESPACE "SYSTEM" ;

   COMMENT ON COLUMN "EJOBB"."BB_FILEATTACHMENT"."FILE_ATTACHMENT_NO" IS '파일첨부 첨부파일번호';
   COMMENT ON COLUMN "EJOBB"."BB_FILEATTACHMENT"."FILE_ATTACHMENT_PATH" IS '첨부파일경로';
   COMMENT ON COLUMN "EJOBB"."BB_FILEATTACHMENT"."ORIGINAL_NAME" IS '원본파일명';
   COMMENT ON COLUMN "EJOBB"."BB_FILEATTACHMENT"."SAVED_NAME" IS '저장파일명';
   COMMENT ON COLUMN "EJOBB"."BB_FILEATTACHMENT"."ATTACHMENT_TYPE" IS '첨부파일 종류';
   COMMENT ON COLUMN "EJOBB"."BB_FILEATTACHMENT"."ATTACHMENT_DATE" IS '첨부일';
   COMMENT ON COLUMN "EJOBB"."BB_FILEATTACHMENT"."ATTACHMENT_TYPE_NO" IS '첨부파일번호';
   COMMENT ON COLUMN "EJOBB"."BB_FILEATTACHMENT"."MEMBER_NO" IS '사번';
--------------------------------------------------------
--  DDL for Table BB_FINAL_ACADEMIC
--------------------------------------------------------

  CREATE TABLE "EJOBB"."BB_FINAL_ACADEMIC" 
   (	"ACADEMIC_CODE" VARCHAR2(30 BYTE), 
	"ACADEMIC_NAME" VARCHAR2(50 BYTE)
   ) SEGMENT CREATION IMMEDIATE 
  PCTFREE 10 PCTUSED 40 INITRANS 1 MAXTRANS 255 NOCOMPRESS LOGGING
  STORAGE(INITIAL 65536 NEXT 1048576 MINEXTENTS 1 MAXEXTENTS 2147483645
  PCTINCREASE 0 FREELISTS 1 FREELIST GROUPS 1 BUFFER_POOL DEFAULT FLASH_CACHE DEFAULT CELL_FLASH_CACHE DEFAULT)
  TABLESPACE "SYSTEM" ;

   COMMENT ON COLUMN "EJOBB"."BB_FINAL_ACADEMIC"."ACADEMIC_CODE" IS '학력코드명';
   COMMENT ON COLUMN "EJOBB"."BB_FINAL_ACADEMIC"."ACADEMIC_NAME" IS '학력명';
--------------------------------------------------------
--  DDL for Table BB_FINAL_ACADEMIC_ABILITY
--------------------------------------------------------

  CREATE TABLE "EJOBB"."BB_FINAL_ACADEMIC_ABILITY" 
   (	"ACADEMIC_ABILITY_NO" NUMBER, 
	"SCHOOL_NAME" VARCHAR2(300 BYTE), 
	"SCHOOL_SUBJECT" VARCHAR2(100 BYTE), 
	"GRADUATE_DATE" DATE, 
	"GRADUATE_STATUS" VARCHAR2(10 BYTE), 
	"FINAL_GRADUATE_NAME" VARCHAR2(100 BYTE), 
	"MEMBER_NO" NUMBER, 
	"ACADEMIC_CODE" VARCHAR2(100 BYTE)
   ) SEGMENT CREATION IMMEDIATE 
  PCTFREE 10 PCTUSED 40 INITRANS 1 MAXTRANS 255 NOCOMPRESS LOGGING
  STORAGE(INITIAL 65536 NEXT 1048576 MINEXTENTS 1 MAXEXTENTS 2147483645
  PCTINCREASE 0 FREELISTS 1 FREELIST GROUPS 1 BUFFER_POOL DEFAULT FLASH_CACHE DEFAULT CELL_FLASH_CACHE DEFAULT)
  TABLESPACE "SYSTEM" ;

   COMMENT ON COLUMN "EJOBB"."BB_FINAL_ACADEMIC_ABILITY"."ACADEMIC_ABILITY_NO" IS '최종학력번호';
   COMMENT ON COLUMN "EJOBB"."BB_FINAL_ACADEMIC_ABILITY"."SCHOOL_NAME" IS '학교명';
   COMMENT ON COLUMN "EJOBB"."BB_FINAL_ACADEMIC_ABILITY"."SCHOOL_SUBJECT" IS '전공';
   COMMENT ON COLUMN "EJOBB"."BB_FINAL_ACADEMIC_ABILITY"."GRADUATE_DATE" IS '졸업일자';
   COMMENT ON COLUMN "EJOBB"."BB_FINAL_ACADEMIC_ABILITY"."GRADUATE_STATUS" IS '졸업여부';
   COMMENT ON COLUMN "EJOBB"."BB_FINAL_ACADEMIC_ABILITY"."FINAL_GRADUATE_NAME" IS '최종학력명';
   COMMENT ON COLUMN "EJOBB"."BB_FINAL_ACADEMIC_ABILITY"."MEMBER_NO" IS '사번';
   COMMENT ON COLUMN "EJOBB"."BB_FINAL_ACADEMIC_ABILITY"."ACADEMIC_CODE" IS '학력코드명';
--------------------------------------------------------
--  DDL for Table BB_FINAL_ACADEMIC_CODE
--------------------------------------------------------

  CREATE TABLE "EJOBB"."BB_FINAL_ACADEMIC_CODE" 
   (	"ACADEMIC_CODE" VARCHAR2(30 BYTE), 
	"ACADEMIC_NAME" VARCHAR2(50 BYTE)
   ) SEGMENT CREATION IMMEDIATE 
  PCTFREE 10 PCTUSED 40 INITRANS 1 MAXTRANS 255 NOCOMPRESS LOGGING
  STORAGE(INITIAL 65536 NEXT 1048576 MINEXTENTS 1 MAXEXTENTS 2147483645
  PCTINCREASE 0 FREELISTS 1 FREELIST GROUPS 1 BUFFER_POOL DEFAULT FLASH_CACHE DEFAULT CELL_FLASH_CACHE DEFAULT)
  TABLESPACE "SYSTEM" ;

   COMMENT ON COLUMN "EJOBB"."BB_FINAL_ACADEMIC_CODE"."ACADEMIC_CODE" IS '학력코드명';
   COMMENT ON COLUMN "EJOBB"."BB_FINAL_ACADEMIC_CODE"."ACADEMIC_NAME" IS '학력명';
--------------------------------------------------------
--  DDL for Table BB_FORM_VACATION
--------------------------------------------------------

  CREATE TABLE "EJOBB"."BB_FORM_VACATION" 
   (	"FORM_VACATION_NO" NUMBER, 
	"ANNUAL_TYPE" VARCHAR2(15 BYTE), 
	"VACATION_START" DATE DEFAULT SYSDATE, 
	"VACATION_END" DATE DEFAULT SYSDATE, 
	"HALF_DAY_POINT" VARCHAR2(6 BYTE), 
	"USED_ANNUAL_COUNT" NUMBER, 
	"USED_ANNUAL_REASON" VARCHAR2(300 BYTE), 
	"PAYMENT_NO" NUMBER, 
	"MEMBER_NO" NUMBER
   ) SEGMENT CREATION IMMEDIATE 
  PCTFREE 10 PCTUSED 40 INITRANS 1 MAXTRANS 255 NOCOMPRESS LOGGING
  STORAGE(INITIAL 65536 NEXT 1048576 MINEXTENTS 1 MAXEXTENTS 2147483645
  PCTINCREASE 0 FREELISTS 1 FREELIST GROUPS 1 BUFFER_POOL DEFAULT FLASH_CACHE DEFAULT CELL_FLASH_CACHE DEFAULT)
  TABLESPACE "SYSTEM" ;

   COMMENT ON COLUMN "EJOBB"."BB_FORM_VACATION"."FORM_VACATION_NO" IS '연차신청서번호';
   COMMENT ON COLUMN "EJOBB"."BB_FORM_VACATION"."ANNUAL_TYPE" IS '연차종류';
   COMMENT ON COLUMN "EJOBB"."BB_FORM_VACATION"."VACATION_START" IS '시작일';
   COMMENT ON COLUMN "EJOBB"."BB_FORM_VACATION"."VACATION_END" IS '종료일';
   COMMENT ON COLUMN "EJOBB"."BB_FORM_VACATION"."HALF_DAY_POINT" IS '반차시점';
   COMMENT ON COLUMN "EJOBB"."BB_FORM_VACATION"."USED_ANNUAL_COUNT" IS '사용연차';
   COMMENT ON COLUMN "EJOBB"."BB_FORM_VACATION"."USED_ANNUAL_REASON" IS '연차사유';
   COMMENT ON COLUMN "EJOBB"."BB_FORM_VACATION"."PAYMENT_NO" IS '결재양식번호';
   COMMENT ON COLUMN "EJOBB"."BB_FORM_VACATION"."MEMBER_NO" IS '사번';
--------------------------------------------------------
--  DDL for Table BB_HOLIDAY
--------------------------------------------------------

  CREATE TABLE "EJOBB"."BB_HOLIDAY" 
   (	"HOLIDAY_NO" NUMBER, 
	"START_DATE" DATE DEFAULT SYSDATE, 
	"END_DATE" DATE, 
	"HOLIDAY_REASON" VARCHAR2(500 BYTE), 
	"HOLIDAY_TYPE" VARCHAR2(50 BYTE), 
	"HOLIDAY_TERM" NUMBER, 
	"MEMBER_NO" NUMBER
   ) SEGMENT CREATION IMMEDIATE 
  PCTFREE 10 PCTUSED 40 INITRANS 1 MAXTRANS 255 NOCOMPRESS LOGGING
  STORAGE(INITIAL 65536 NEXT 1048576 MINEXTENTS 1 MAXEXTENTS 2147483645
  PCTINCREASE 0 FREELISTS 1 FREELIST GROUPS 1 BUFFER_POOL DEFAULT FLASH_CACHE DEFAULT CELL_FLASH_CACHE DEFAULT)
  TABLESPACE "SYSTEM" ;

   COMMENT ON COLUMN "EJOBB"."BB_HOLIDAY"."HOLIDAY_NO" IS '연차고유번호';
   COMMENT ON COLUMN "EJOBB"."BB_HOLIDAY"."START_DATE" IS '연차시작날짜';
   COMMENT ON COLUMN "EJOBB"."BB_HOLIDAY"."END_DATE" IS '연차종료날짜';
   COMMENT ON COLUMN "EJOBB"."BB_HOLIDAY"."HOLIDAY_REASON" IS '연차사유';
   COMMENT ON COLUMN "EJOBB"."BB_HOLIDAY"."HOLIDAY_TYPE" IS '연차종류';
   COMMENT ON COLUMN "EJOBB"."BB_HOLIDAY"."HOLIDAY_TERM" IS '휴가기간';
   COMMENT ON COLUMN "EJOBB"."BB_HOLIDAY"."MEMBER_NO" IS '멤버번호';
--------------------------------------------------------
--  DDL for Table BB_LICENSE
--------------------------------------------------------

  CREATE TABLE "EJOBB"."BB_LICENSE" 
   (	"LICENSE_NO" NUMBER, 
	"LICENSE_DATE" DATE, 
	"MEMBER_NO" NUMBER, 
	"LICENSE_CODE_CODE" VARCHAR2(20 BYTE)
   ) SEGMENT CREATION IMMEDIATE 
  PCTFREE 10 PCTUSED 40 INITRANS 1 MAXTRANS 255 NOCOMPRESS LOGGING
  STORAGE(INITIAL 65536 NEXT 1048576 MINEXTENTS 1 MAXEXTENTS 2147483645
  PCTINCREASE 0 FREELISTS 1 FREELIST GROUPS 1 BUFFER_POOL DEFAULT FLASH_CACHE DEFAULT CELL_FLASH_CACHE DEFAULT)
  TABLESPACE "SYSTEM" ;

   COMMENT ON COLUMN "EJOBB"."BB_LICENSE"."LICENSE_NO" IS '면허번호';
   COMMENT ON COLUMN "EJOBB"."BB_LICENSE"."MEMBER_NO" IS '사번';
   COMMENT ON COLUMN "EJOBB"."BB_LICENSE"."LICENSE_CODE_CODE" IS '면허증코드명';
--------------------------------------------------------
--  DDL for Table BB_LICENSE_CODE
--------------------------------------------------------

  CREATE TABLE "EJOBB"."BB_LICENSE_CODE" 
   (	"LICENSE_CODE_CODE" VARCHAR2(20 BYTE), 
	"LICENSE_CODE_NAME" VARCHAR2(100 BYTE)
   ) SEGMENT CREATION IMMEDIATE 
  PCTFREE 10 PCTUSED 40 INITRANS 1 MAXTRANS 255 NOCOMPRESS LOGGING
  STORAGE(INITIAL 65536 NEXT 1048576 MINEXTENTS 1 MAXEXTENTS 2147483645
  PCTINCREASE 0 FREELISTS 1 FREELIST GROUPS 1 BUFFER_POOL DEFAULT FLASH_CACHE DEFAULT CELL_FLASH_CACHE DEFAULT)
  TABLESPACE "SYSTEM" ;

   COMMENT ON COLUMN "EJOBB"."BB_LICENSE_CODE"."LICENSE_CODE_CODE" IS '면허코드명';
   COMMENT ON COLUMN "EJOBB"."BB_LICENSE_CODE"."LICENSE_CODE_NAME" IS '면허증명';
--------------------------------------------------------
--  DDL for Table BB_LINE_CODE
--------------------------------------------------------

  CREATE TABLE "EJOBB"."BB_LINE_CODE" 
   (	"LINECODE_NO" NUMBER, 
	"LINE_FIRST" NUMBER, 
	"DEPT_CODE" VARCHAR2(25 BYTE), 
	"SPOT_CODE" VARCHAR2(25 BYTE), 
	"PAYMENT_NO" NUMBER
   ) SEGMENT CREATION IMMEDIATE 
  PCTFREE 10 PCTUSED 40 INITRANS 1 MAXTRANS 255 NOCOMPRESS LOGGING
  STORAGE(INITIAL 65536 NEXT 1048576 MINEXTENTS 1 MAXEXTENTS 2147483645
  PCTINCREASE 0 FREELISTS 1 FREELIST GROUPS 1 BUFFER_POOL DEFAULT FLASH_CACHE DEFAULT CELL_FLASH_CACHE DEFAULT)
  TABLESPACE "SYSTEM" ;

   COMMENT ON COLUMN "EJOBB"."BB_LINE_CODE"."LINECODE_NO" IS '결재선스텝번호';
   COMMENT ON COLUMN "EJOBB"."BB_LINE_CODE"."LINE_FIRST" IS '결재우선순위';
   COMMENT ON COLUMN "EJOBB"."BB_LINE_CODE"."DEPT_CODE" IS '부서코드';
   COMMENT ON COLUMN "EJOBB"."BB_LINE_CODE"."SPOT_CODE" IS '직위코드';
   COMMENT ON COLUMN "EJOBB"."BB_LINE_CODE"."PAYMENT_NO" IS '결재양식번호';
--------------------------------------------------------
--  DDL for Table BB_LINE_MEM
--------------------------------------------------------

  CREATE TABLE "EJOBB"."BB_LINE_MEM" 
   (	"LINE_NO" NUMBER, 
	"DRAFTING_NO" NUMBER, 
	"LINE_PROCESS" DATE, 
	"LINE_BODY" VARCHAR2(1000 BYTE), 
	"LINE_PKINDS" VARCHAR2(9 BYTE), 
	"LINE_THUMBNAIL" VARCHAR2(1000 BYTE), 
	"LINE_KINDS" VARCHAR2(12 BYTE), 
	"DEPT_CODE" VARCHAR2(20 BYTE), 
	"SPOT_CODE" VARCHAR2(25 BYTE)
   ) SEGMENT CREATION IMMEDIATE 
  PCTFREE 10 PCTUSED 40 INITRANS 1 MAXTRANS 255 NOCOMPRESS LOGGING
  STORAGE(INITIAL 65536 NEXT 1048576 MINEXTENTS 1 MAXEXTENTS 2147483645
  PCTINCREASE 0 FREELISTS 1 FREELIST GROUPS 1 BUFFER_POOL DEFAULT FLASH_CACHE DEFAULT CELL_FLASH_CACHE DEFAULT)
  TABLESPACE "SYSTEM" ;

   COMMENT ON COLUMN "EJOBB"."BB_LINE_MEM"."LINE_NO" IS '결재선순번';
   COMMENT ON COLUMN "EJOBB"."BB_LINE_MEM"."DRAFTING_NO" IS '기안번호';
   COMMENT ON COLUMN "EJOBB"."BB_LINE_MEM"."LINE_PROCESS" IS '처리일자';
   COMMENT ON COLUMN "EJOBB"."BB_LINE_MEM"."LINE_BODY" IS '사유';
   COMMENT ON COLUMN "EJOBB"."BB_LINE_MEM"."LINE_PKINDS" IS '처리종류';
   COMMENT ON COLUMN "EJOBB"."BB_LINE_MEM"."LINE_THUMBNAIL" IS '첨부파일';
   COMMENT ON COLUMN "EJOBB"."BB_LINE_MEM"."LINE_KINDS" IS '근무형태';
   COMMENT ON COLUMN "EJOBB"."BB_LINE_MEM"."DEPT_CODE" IS '부서코드';
   COMMENT ON COLUMN "EJOBB"."BB_LINE_MEM"."SPOT_CODE" IS '직위코드';
--------------------------------------------------------
--  DDL for Table BB_MEMBER
--------------------------------------------------------

  CREATE TABLE "EJOBB"."BB_MEMBER" 
   (	"MEMBER_NO" NUMBER, 
	"MEMBER_NAME" VARCHAR2(255 BYTE), 
	"MEMBER_PWD" VARCHAR2(100 BYTE), 
	"EMAIL" VARCHAR2(100 BYTE), 
	"PHONE" VARCHAR2(20 BYTE)
   ) SEGMENT CREATION IMMEDIATE 
  PCTFREE 10 PCTUSED 40 INITRANS 1 MAXTRANS 255 NOCOMPRESS LOGGING
  STORAGE(INITIAL 65536 NEXT 1048576 MINEXTENTS 1 MAXEXTENTS 2147483645
  PCTINCREASE 0 FREELISTS 1 FREELIST GROUPS 1 BUFFER_POOL DEFAULT FLASH_CACHE DEFAULT CELL_FLASH_CACHE DEFAULT)
  TABLESPACE "SYSTEM" ;
--------------------------------------------------------
--  DDL for Table BB_MEMBERPHOTO
--------------------------------------------------------

  CREATE TABLE "EJOBB"."BB_MEMBERPHOTO" 
   (	"PHOTO_NUM" NUMBER, 
	"ORIGINAL_NAME" VARCHAR2(400 BYTE), 
	"SAVE_NAME" VARCHAR2(400 BYTE), 
	"SAVE_PATH" VARCHAR2(400 BYTE), 
	"FILE_TYPE" VARCHAR2(100 BYTE), 
	"MEMBER_NO" NUMBER
   ) SEGMENT CREATION IMMEDIATE 
  PCTFREE 10 PCTUSED 40 INITRANS 1 MAXTRANS 255 NOCOMPRESS LOGGING
  STORAGE(INITIAL 65536 NEXT 1048576 MINEXTENTS 1 MAXEXTENTS 2147483645
  PCTINCREASE 0 FREELISTS 1 FREELIST GROUPS 1 BUFFER_POOL DEFAULT FLASH_CACHE DEFAULT CELL_FLASH_CACHE DEFAULT)
  TABLESPACE "SYSTEM" ;
--------------------------------------------------------
--  DDL for Table BB_MEMBER_INFO
--------------------------------------------------------

  CREATE TABLE "EJOBB"."BB_MEMBER_INFO" 
   (	"MEMBER_INFO_NO" NUMBER, 
	"MEMBER_ADDRESS" VARCHAR2(200 BYTE), 
	"MEMBER_ACCOUNT_NO" VARCHAR2(200 BYTE), 
	"MEMBER_ACCOUNT_BANK" VARCHAR2(200 BYTE), 
	"ACCOUNT_HOST" VARCHAR2(200 BYTE), 
	"MEMBER_FILEATTACHMENT" VARCHAR2(1000 BYTE), 
	"ENROLL_DATE" DATE, 
	"MEMBER_WORK_CONTRACT" VARCHAR2(1000 BYTE), 
	"MEMBER_NO" NUMBER
   ) SEGMENT CREATION IMMEDIATE 
  PCTFREE 10 PCTUSED 40 INITRANS 1 MAXTRANS 255 NOCOMPRESS LOGGING
  STORAGE(INITIAL 65536 NEXT 1048576 MINEXTENTS 1 MAXEXTENTS 2147483645
  PCTINCREASE 0 FREELISTS 1 FREELIST GROUPS 1 BUFFER_POOL DEFAULT FLASH_CACHE DEFAULT CELL_FLASH_CACHE DEFAULT)
  TABLESPACE "SYSTEM" ;

   COMMENT ON COLUMN "EJOBB"."BB_MEMBER_INFO"."MEMBER_INFO_NO" IS '신상번호';
   COMMENT ON COLUMN "EJOBB"."BB_MEMBER_INFO"."MEMBER_ADDRESS" IS '주소';
   COMMENT ON COLUMN "EJOBB"."BB_MEMBER_INFO"."MEMBER_ACCOUNT_NO" IS '계좌번호';
   COMMENT ON COLUMN "EJOBB"."BB_MEMBER_INFO"."MEMBER_ACCOUNT_BANK" IS '계좌은행';
   COMMENT ON COLUMN "EJOBB"."BB_MEMBER_INFO"."ACCOUNT_HOST" IS '예금주';
   COMMENT ON COLUMN "EJOBB"."BB_MEMBER_INFO"."MEMBER_FILEATTACHMENT" IS '파일첨부';
   COMMENT ON COLUMN "EJOBB"."BB_MEMBER_INFO"."ENROLL_DATE" IS '입사일';
   COMMENT ON COLUMN "EJOBB"."BB_MEMBER_INFO"."MEMBER_WORK_CONTRACT" IS '근로계약서';
   COMMENT ON COLUMN "EJOBB"."BB_MEMBER_INFO"."MEMBER_NO" IS '사번';
--------------------------------------------------------
--  DDL for Table BB_MODIFY_BONUS
--------------------------------------------------------

  CREATE TABLE "EJOBB"."BB_MODIFY_BONUS" 
   (	"MODIFY_BONUS_NO" NUMBER, 
	"MODIFY_BONUS_DATE" DATE DEFAULT SYSDATE, 
	"MODIFY_BONUS_REASON" VARCHAR2(1000 BYTE), 
	"BONUS_NO" NUMBER
   ) SEGMENT CREATION IMMEDIATE 
  PCTFREE 10 PCTUSED 40 INITRANS 1 MAXTRANS 255 NOCOMPRESS LOGGING
  STORAGE(INITIAL 65536 NEXT 1048576 MINEXTENTS 1 MAXEXTENTS 2147483645
  PCTINCREASE 0 FREELISTS 1 FREELIST GROUPS 1 BUFFER_POOL DEFAULT FLASH_CACHE DEFAULT CELL_FLASH_CACHE DEFAULT)
  TABLESPACE "SYSTEM" ;

   COMMENT ON COLUMN "EJOBB"."BB_MODIFY_BONUS"."MODIFY_BONUS_NO" IS '상벌내역이력번호';
   COMMENT ON COLUMN "EJOBB"."BB_MODIFY_BONUS"."MODIFY_BONUS_DATE" IS '변경날짜';
   COMMENT ON COLUMN "EJOBB"."BB_MODIFY_BONUS"."MODIFY_BONUS_REASON" IS '변경전사유';
   COMMENT ON COLUMN "EJOBB"."BB_MODIFY_BONUS"."BONUS_NO" IS '상벌내역번호';
--------------------------------------------------------
--  DDL for Table BB_MODIFY_DEPT
--------------------------------------------------------

  CREATE TABLE "EJOBB"."BB_MODIFY_DEPT" 
   (	"MODIFY_DEPT_NO" NUMBER, 
	"MODIFY_DEPT_DATE" DATE DEFAULT SYSDATE, 
	"DEPT_CODE" VARCHAR2(20 BYTE), 
	"MEMBER_NO" NUMBER
   ) SEGMENT CREATION IMMEDIATE 
  PCTFREE 10 PCTUSED 40 INITRANS 1 MAXTRANS 255 NOCOMPRESS LOGGING
  STORAGE(INITIAL 65536 NEXT 1048576 MINEXTENTS 1 MAXEXTENTS 2147483645
  PCTINCREASE 0 FREELISTS 1 FREELIST GROUPS 1 BUFFER_POOL DEFAULT FLASH_CACHE DEFAULT CELL_FLASH_CACHE DEFAULT)
  TABLESPACE "SYSTEM" ;

   COMMENT ON COLUMN "EJOBB"."BB_MODIFY_DEPT"."MODIFY_DEPT_NO" IS '부서변경이력번호';
   COMMENT ON COLUMN "EJOBB"."BB_MODIFY_DEPT"."MODIFY_DEPT_DATE" IS '변경날짜';
   COMMENT ON COLUMN "EJOBB"."BB_MODIFY_DEPT"."DEPT_CODE" IS '부서코드';
   COMMENT ON COLUMN "EJOBB"."BB_MODIFY_DEPT"."MEMBER_NO" IS '사번';
--------------------------------------------------------
--  DDL for Table BB_MODIFY_DRAFTING
--------------------------------------------------------

  CREATE TABLE "EJOBB"."BB_MODIFY_DRAFTING" 
   (	"MODI_DRAFTING_NO" NUMBER, 
	"MODI_DRAFTING_DATE" DATE DEFAULT SYSDATE, 
	"MODI_DRFTING_COMPLETE_DATE" DATE, 
	"MODI_DRAFTING_COMP_STATUS" VARCHAR2(30 BYTE), 
	"MODI_DRAFTING_DOCU_NAME" VARCHAR2(200 BYTE), 
	"MODI_DRAFTING_DOCU_IN" VARCHAR2(1000 BYTE), 
	"MODI_DRAFTING_EMERGENCY" VARCHAR2(30 BYTE), 
	"DRAFTING_NO" NUMBER
   ) SEGMENT CREATION IMMEDIATE 
  PCTFREE 10 PCTUSED 40 INITRANS 1 MAXTRANS 255 NOCOMPRESS LOGGING
  STORAGE(INITIAL 65536 NEXT 1048576 MINEXTENTS 1 MAXEXTENTS 2147483645
  PCTINCREASE 0 FREELISTS 1 FREELIST GROUPS 1 BUFFER_POOL DEFAULT FLASH_CACHE DEFAULT CELL_FLASH_CACHE DEFAULT)
  TABLESPACE "SYSTEM" ;

   COMMENT ON COLUMN "EJOBB"."BB_MODIFY_DRAFTING"."MODI_DRAFTING_NO" IS '기안문서이력번호';
   COMMENT ON COLUMN "EJOBB"."BB_MODIFY_DRAFTING"."MODI_DRAFTING_DATE" IS '변경일자';
   COMMENT ON COLUMN "EJOBB"."BB_MODIFY_DRAFTING"."MODI_DRFTING_COMPLETE_DATE" IS '변경 전 결재완료일';
   COMMENT ON COLUMN "EJOBB"."BB_MODIFY_DRAFTING"."MODI_DRAFTING_DOCU_NAME" IS '변경 전 문서제목';
   COMMENT ON COLUMN "EJOBB"."BB_MODIFY_DRAFTING"."MODI_DRAFTING_DOCU_IN" IS '변경 전 문서내용';
   COMMENT ON COLUMN "EJOBB"."BB_MODIFY_DRAFTING"."MODI_DRAFTING_EMERGENCY" IS '변경 전 긴급여부';
   COMMENT ON COLUMN "EJOBB"."BB_MODIFY_DRAFTING"."DRAFTING_NO" IS '기안번호';
--------------------------------------------------------
--  DDL for Table BB_MODIFY_LINE
--------------------------------------------------------

  CREATE TABLE "EJOBB"."BB_MODIFY_LINE" 
   (	"MODIFY_LINE_NO" NUMBER, 
	"MODIFY_LINE_PROCESS" DATE, 
	"MODIFY_LINE_BODY" VARCHAR2(1000 BYTE), 
	"MODIFY_LINE_PKINDS" VARCHAR2(9 BYTE), 
	"LINE_NO" NUMBER
   ) SEGMENT CREATION IMMEDIATE 
  PCTFREE 10 PCTUSED 40 INITRANS 1 MAXTRANS 255 NOCOMPRESS LOGGING
  STORAGE(INITIAL 65536 NEXT 1048576 MINEXTENTS 1 MAXEXTENTS 2147483645
  PCTINCREASE 0 FREELISTS 1 FREELIST GROUPS 1 BUFFER_POOL DEFAULT FLASH_CACHE DEFAULT CELL_FLASH_CACHE DEFAULT)
  TABLESPACE "SYSTEM" ;

   COMMENT ON COLUMN "EJOBB"."BB_MODIFY_LINE"."MODIFY_LINE_NO" IS '결재상태이력번호';
   COMMENT ON COLUMN "EJOBB"."BB_MODIFY_LINE"."MODIFY_LINE_PROCESS" IS '처리일자';
   COMMENT ON COLUMN "EJOBB"."BB_MODIFY_LINE"."MODIFY_LINE_BODY" IS '사유';
   COMMENT ON COLUMN "EJOBB"."BB_MODIFY_LINE"."MODIFY_LINE_PKINDS" IS '처리종류';
   COMMENT ON COLUMN "EJOBB"."BB_MODIFY_LINE"."LINE_NO" IS '결재선순번';
--------------------------------------------------------
--  DDL for Table BB_MODIFY_MEMBER_INFO
--------------------------------------------------------

  CREATE TABLE "EJOBB"."BB_MODIFY_MEMBER_INFO" 
   (	"MODIFY_NO" NUMBER, 
	"MODIFY_DATE" DATE, 
	"MODIFY_ADDRESS" VARCHAR2(200 BYTE), 
	"MODIFY_BANK_ACCOUNT" VARCHAR2(200 BYTE), 
	"MODIFY_BANK_NAME" VARCHAR2(100 BYTE), 
	"MODIFY_ACCOUNT_HOST" VARCHAR2(100 BYTE), 
	"MODIFY_FILEATTACHMENT" VARCHAR2(1000 BYTE), 
	"MODIFY_ENROLL_DATE" DATE, 
	"MEMBER_INFO_NO" NUMBER
   ) SEGMENT CREATION IMMEDIATE 
  PCTFREE 10 PCTUSED 40 INITRANS 1 MAXTRANS 255 NOCOMPRESS LOGGING
  STORAGE(INITIAL 65536 NEXT 1048576 MINEXTENTS 1 MAXEXTENTS 2147483645
  PCTINCREASE 0 FREELISTS 1 FREELIST GROUPS 1 BUFFER_POOL DEFAULT FLASH_CACHE DEFAULT CELL_FLASH_CACHE DEFAULT)
  TABLESPACE "SYSTEM" ;

   COMMENT ON COLUMN "EJOBB"."BB_MODIFY_MEMBER_INFO"."MODIFY_NO" IS '신상변경이력번호';
   COMMENT ON COLUMN "EJOBB"."BB_MODIFY_MEMBER_INFO"."MODIFY_DATE" IS '변경날짜';
   COMMENT ON COLUMN "EJOBB"."BB_MODIFY_MEMBER_INFO"."MODIFY_ADDRESS" IS '주소';
   COMMENT ON COLUMN "EJOBB"."BB_MODIFY_MEMBER_INFO"."MODIFY_BANK_ACCOUNT" IS '계좌번호';
   COMMENT ON COLUMN "EJOBB"."BB_MODIFY_MEMBER_INFO"."MODIFY_BANK_NAME" IS '계좌은행';
   COMMENT ON COLUMN "EJOBB"."BB_MODIFY_MEMBER_INFO"."MODIFY_ACCOUNT_HOST" IS '예금주';
   COMMENT ON COLUMN "EJOBB"."BB_MODIFY_MEMBER_INFO"."MODIFY_FILEATTACHMENT" IS '파일첨부';
   COMMENT ON COLUMN "EJOBB"."BB_MODIFY_MEMBER_INFO"."MODIFY_ENROLL_DATE" IS '입사일';
   COMMENT ON COLUMN "EJOBB"."BB_MODIFY_MEMBER_INFO"."MEMBER_INFO_NO" IS '신상번호';
--------------------------------------------------------
--  DDL for Table BB_MODIFY_PAYMENT_FORM
--------------------------------------------------------

  CREATE TABLE "EJOBB"."BB_MODIFY_PAYMENT_FORM" 
   (	"MODIFY_PAYMENT_NO" NUMBER, 
	"MODIFY_CHANGE_DATE" DATE DEFAULT SYSDATE, 
	"MODIFY_FORM_NAME" VARCHAR2(100 BYTE), 
	"MODIFY_FORM_CONTENTS" VARCHAR2(1000 BYTE), 
	"MODIFY_REPERIOD" DATE DEFAULT SYSDATE, 
	"MODIFY_THUMBNAIL" VARCHAR2(1000 BYTE), 
	"PAYMENT_NO" NUMBER
   ) SEGMENT CREATION IMMEDIATE 
  PCTFREE 10 PCTUSED 40 INITRANS 1 MAXTRANS 255 NOCOMPRESS LOGGING
  STORAGE(INITIAL 65536 NEXT 1048576 MINEXTENTS 1 MAXEXTENTS 2147483645
  PCTINCREASE 0 FREELISTS 1 FREELIST GROUPS 1 BUFFER_POOL DEFAULT FLASH_CACHE DEFAULT CELL_FLASH_CACHE DEFAULT)
  TABLESPACE "SYSTEM" ;

   COMMENT ON COLUMN "EJOBB"."BB_MODIFY_PAYMENT_FORM"."MODIFY_PAYMENT_NO" IS '결재양식이력번호';
   COMMENT ON COLUMN "EJOBB"."BB_MODIFY_PAYMENT_FORM"."MODIFY_CHANGE_DATE" IS '변경날짜';
   COMMENT ON COLUMN "EJOBB"."BB_MODIFY_PAYMENT_FORM"."MODIFY_FORM_NAME" IS '변경 전 결재양식이름';
   COMMENT ON COLUMN "EJOBB"."BB_MODIFY_PAYMENT_FORM"."MODIFY_FORM_CONTENTS" IS '변경 전 양식내용';
   COMMENT ON COLUMN "EJOBB"."BB_MODIFY_PAYMENT_FORM"."MODIFY_REPERIOD" IS '변경 전 보존연한';
   COMMENT ON COLUMN "EJOBB"."BB_MODIFY_PAYMENT_FORM"."MODIFY_THUMBNAIL" IS '변경 전 파일첨부';
   COMMENT ON COLUMN "EJOBB"."BB_MODIFY_PAYMENT_FORM"."PAYMENT_NO" IS '결재양식번호';
--------------------------------------------------------
--  DDL for Table BB_MODIFY_SPOT
--------------------------------------------------------

  CREATE TABLE "EJOBB"."BB_MODIFY_SPOT" 
   (	"MODIFY_SPOT_NO" NUMBER, 
	"MODIFY_SPOT_DATE" DATE DEFAULT SYSDATE, 
	"SPOT_CODE" VARCHAR2(25 BYTE), 
	"MEMBER_NO" NUMBER
   ) SEGMENT CREATION IMMEDIATE 
  PCTFREE 10 PCTUSED 40 INITRANS 1 MAXTRANS 255 NOCOMPRESS LOGGING
  STORAGE(INITIAL 65536 NEXT 1048576 MINEXTENTS 1 MAXEXTENTS 2147483645
  PCTINCREASE 0 FREELISTS 1 FREELIST GROUPS 1 BUFFER_POOL DEFAULT FLASH_CACHE DEFAULT CELL_FLASH_CACHE DEFAULT)
  TABLESPACE "SYSTEM" ;

   COMMENT ON COLUMN "EJOBB"."BB_MODIFY_SPOT"."MODIFY_SPOT_NO" IS '직위변경이력번호';
   COMMENT ON COLUMN "EJOBB"."BB_MODIFY_SPOT"."MODIFY_SPOT_DATE" IS '변경날짜';
   COMMENT ON COLUMN "EJOBB"."BB_MODIFY_SPOT"."SPOT_CODE" IS '직위코드';
   COMMENT ON COLUMN "EJOBB"."BB_MODIFY_SPOT"."MEMBER_NO" IS '사번';
--------------------------------------------------------
--  DDL for Table BB_MODIFY_WORK_STATUS
--------------------------------------------------------

  CREATE TABLE "EJOBB"."BB_MODIFY_WORK_STATUS" 
   (	"MODIFY_NO" NUMBER, 
	"WORKSTATUS_NO" NUMBER, 
	"MODIFY_DATE" DATE, 
	"MODIFY_COMMUTE" DATE, 
	"MODIFY_LEAVE_WORK" DATE, 
	"MODIFY_REASON" VARCHAR2(500 BYTE)
   ) SEGMENT CREATION IMMEDIATE 
  PCTFREE 10 PCTUSED 40 INITRANS 1 MAXTRANS 255 NOCOMPRESS LOGGING
  STORAGE(INITIAL 65536 NEXT 1048576 MINEXTENTS 1 MAXEXTENTS 2147483645
  PCTINCREASE 0 FREELISTS 1 FREELIST GROUPS 1 BUFFER_POOL DEFAULT FLASH_CACHE DEFAULT CELL_FLASH_CACHE DEFAULT)
  TABLESPACE "SYSTEM" ;

   COMMENT ON COLUMN "EJOBB"."BB_MODIFY_WORK_STATUS"."MODIFY_NO" IS '수정이력번호';
   COMMENT ON COLUMN "EJOBB"."BB_MODIFY_WORK_STATUS"."WORKSTATUS_NO" IS '근태현황고유번호';
   COMMENT ON COLUMN "EJOBB"."BB_MODIFY_WORK_STATUS"."MODIFY_DATE" IS '변경전 날짜';
   COMMENT ON COLUMN "EJOBB"."BB_MODIFY_WORK_STATUS"."MODIFY_COMMUTE" IS '변경 전 출근시간';
   COMMENT ON COLUMN "EJOBB"."BB_MODIFY_WORK_STATUS"."MODIFY_LEAVE_WORK" IS '변경 전 퇴근시간';
   COMMENT ON COLUMN "EJOBB"."BB_MODIFY_WORK_STATUS"."MODIFY_REASON" IS '사유';
--------------------------------------------------------
--  DDL for Table BB_PAYMENT_FORM
--------------------------------------------------------

  CREATE TABLE "EJOBB"."BB_PAYMENT_FORM" 
   (	"PAYMENT_NO" NUMBER, 
	"PAYMENT_NAME" VARCHAR2(150 BYTE), 
	"PAYMENT_CONTENTS" VARCHAR2(1000 BYTE), 
	"PAYMENT_REPERIOD" DATE DEFAULT SYSDATE, 
	"PAYMENT_THUMBNAIL" VARCHAR2(1000 BYTE)
   ) SEGMENT CREATION IMMEDIATE 
  PCTFREE 10 PCTUSED 40 INITRANS 1 MAXTRANS 255 NOCOMPRESS LOGGING
  STORAGE(INITIAL 65536 NEXT 1048576 MINEXTENTS 1 MAXEXTENTS 2147483645
  PCTINCREASE 0 FREELISTS 1 FREELIST GROUPS 1 BUFFER_POOL DEFAULT FLASH_CACHE DEFAULT CELL_FLASH_CACHE DEFAULT)
  TABLESPACE "SYSTEM" ;

   COMMENT ON COLUMN "EJOBB"."BB_PAYMENT_FORM"."PAYMENT_NO" IS '결재양식번호';
   COMMENT ON COLUMN "EJOBB"."BB_PAYMENT_FORM"."PAYMENT_NAME" IS '결재양식이름';
   COMMENT ON COLUMN "EJOBB"."BB_PAYMENT_FORM"."PAYMENT_CONTENTS" IS '양식내용';
   COMMENT ON COLUMN "EJOBB"."BB_PAYMENT_FORM"."PAYMENT_REPERIOD" IS '보존연한';
   COMMENT ON COLUMN "EJOBB"."BB_PAYMENT_FORM"."PAYMENT_THUMBNAIL" IS '파일첨부';
--------------------------------------------------------
--  DDL for Table BB_READING
--------------------------------------------------------

  CREATE TABLE "EJOBB"."BB_READING" 
   (	"READING_NO" NUMBER, 
	"READING_DIVISION" VARCHAR2(30 BYTE), 
	"READING_CONFIRM" VARCHAR2(30 BYTE), 
	"MEMBER_NO" NUMBER, 
	"DRAFTING_NO" NUMBER
   ) SEGMENT CREATION IMMEDIATE 
  PCTFREE 10 PCTUSED 40 INITRANS 1 MAXTRANS 255 NOCOMPRESS LOGGING
  STORAGE(INITIAL 65536 NEXT 1048576 MINEXTENTS 1 MAXEXTENTS 2147483645
  PCTINCREASE 0 FREELISTS 1 FREELIST GROUPS 1 BUFFER_POOL DEFAULT FLASH_CACHE DEFAULT CELL_FLASH_CACHE DEFAULT)
  TABLESPACE "SYSTEM" ;

   COMMENT ON COLUMN "EJOBB"."BB_READING"."READING_NO" IS '참조/열람번호';
   COMMENT ON COLUMN "EJOBB"."BB_READING"."READING_DIVISION" IS '분류';
   COMMENT ON COLUMN "EJOBB"."BB_READING"."READING_CONFIRM" IS '확인여부';
   COMMENT ON COLUMN "EJOBB"."BB_READING"."MEMBER_NO" IS '사번';
   COMMENT ON COLUMN "EJOBB"."BB_READING"."DRAFTING_NO" IS '기안번호';
--------------------------------------------------------
--  DDL for Table BB_REVIEW
--------------------------------------------------------

  CREATE TABLE "EJOBB"."BB_REVIEW" 
   (	"PER_NO" NUMBER, 
	"REVIEW_DATE" DATE DEFAULT SYSDATE, 
	"ACH_ONE" NUMBER, 
	"ACH_TWO" NUMBER, 
	"ACH_THREE" NUMBER, 
	"ABIL_ONE" NUMBER, 
	"ABIL_TWO" NUMBER, 
	"ABIL_THREE" NUMBER, 
	"ABIL_FOUR" NUMBER, 
	"ATT_ONE" NUMBER, 
	"ATT_TWO" NUMBER, 
	"ATT_THREE" NUMBER, 
	"REVIEW_AVG" NUMBER, 
	"REVIEW_GRADE" VARCHAR2(6 BYTE), 
	"MEMBER_NO" NUMBER
   ) SEGMENT CREATION IMMEDIATE 
  PCTFREE 10 PCTUSED 40 INITRANS 1 MAXTRANS 255 NOCOMPRESS LOGGING
  STORAGE(INITIAL 65536 NEXT 1048576 MINEXTENTS 1 MAXEXTENTS 2147483645
  PCTINCREASE 0 FREELISTS 1 FREELIST GROUPS 1 BUFFER_POOL DEFAULT FLASH_CACHE DEFAULT CELL_FLASH_CACHE DEFAULT)
  TABLESPACE "SYSTEM" ;

   COMMENT ON COLUMN "EJOBB"."BB_REVIEW"."PER_NO" IS '업무평가번호';
   COMMENT ON COLUMN "EJOBB"."BB_REVIEW"."REVIEW_DATE" IS '평가일시';
   COMMENT ON COLUMN "EJOBB"."BB_REVIEW"."ACH_ONE" IS '업무달성도';
   COMMENT ON COLUMN "EJOBB"."BB_REVIEW"."ACH_TWO" IS '업무의질';
   COMMENT ON COLUMN "EJOBB"."BB_REVIEW"."ACH_THREE" IS '업무개선';
   COMMENT ON COLUMN "EJOBB"."BB_REVIEW"."ABIL_ONE" IS '업무지식';
   COMMENT ON COLUMN "EJOBB"."BB_REVIEW"."ABIL_TWO" IS '기획창의력';
   COMMENT ON COLUMN "EJOBB"."BB_REVIEW"."ABIL_THREE" IS '분석판단력';
   COMMENT ON COLUMN "EJOBB"."BB_REVIEW"."ABIL_FOUR" IS '실천력';
   COMMENT ON COLUMN "EJOBB"."BB_REVIEW"."ATT_ONE" IS '책임감';
   COMMENT ON COLUMN "EJOBB"."BB_REVIEW"."ATT_TWO" IS '협동심';
   COMMENT ON COLUMN "EJOBB"."BB_REVIEW"."ATT_THREE" IS '근무태도';
   COMMENT ON COLUMN "EJOBB"."BB_REVIEW"."REVIEW_AVG" IS '평균점수';
   COMMENT ON COLUMN "EJOBB"."BB_REVIEW"."REVIEW_GRADE" IS '점수등급';
   COMMENT ON COLUMN "EJOBB"."BB_REVIEW"."MEMBER_NO" IS '사번';
--------------------------------------------------------
--  DDL for Table BB_ROLE
--------------------------------------------------------

  CREATE TABLE "EJOBB"."BB_ROLE" 
   (	"ROLE_NO" NUMBER, 
	"ROLE_NAME" VARCHAR2(255 BYTE), 
	"MEMBER_NO" NUMBER
   ) SEGMENT CREATION IMMEDIATE 
  PCTFREE 10 PCTUSED 40 INITRANS 1 MAXTRANS 255 NOCOMPRESS LOGGING
  STORAGE(INITIAL 65536 NEXT 1048576 MINEXTENTS 1 MAXEXTENTS 2147483645
  PCTINCREASE 0 FREELISTS 1 FREELIST GROUPS 1 BUFFER_POOL DEFAULT FLASH_CACHE DEFAULT CELL_FLASH_CACHE DEFAULT)
  TABLESPACE "SYSTEM" ;

   COMMENT ON COLUMN "EJOBB"."BB_ROLE"."ROLE_NO" IS '권한번호';
   COMMENT ON COLUMN "EJOBB"."BB_ROLE"."ROLE_NAME" IS '권한명';
   COMMENT ON COLUMN "EJOBB"."BB_ROLE"."MEMBER_NO" IS '사번';
--------------------------------------------------------
--  DDL for Table BB_SPOT
--------------------------------------------------------

  CREATE TABLE "EJOBB"."BB_SPOT" 
   (	"SPOT_CODE" VARCHAR2(25 BYTE), 
	"SPOT_NAME" VARCHAR2(80 BYTE)
   ) SEGMENT CREATION IMMEDIATE 
  PCTFREE 10 PCTUSED 40 INITRANS 1 MAXTRANS 255 NOCOMPRESS LOGGING
  STORAGE(INITIAL 65536 NEXT 1048576 MINEXTENTS 1 MAXEXTENTS 2147483645
  PCTINCREASE 0 FREELISTS 1 FREELIST GROUPS 1 BUFFER_POOL DEFAULT FLASH_CACHE DEFAULT CELL_FLASH_CACHE DEFAULT)
  TABLESPACE "SYSTEM" ;

   COMMENT ON COLUMN "EJOBB"."BB_SPOT"."SPOT_CODE" IS '직위코드';
   COMMENT ON COLUMN "EJOBB"."BB_SPOT"."SPOT_NAME" IS '직위명';
--------------------------------------------------------
--  DDL for Table BB_WEEK_WORK_STATISTIC
--------------------------------------------------------

  CREATE TABLE "EJOBB"."BB_WEEK_WORK_STATISTIC" 
   (	"WEEK_WORK_STATISTIC_NO" NUMBER, 
	"STATISTIC_DATE" DATE, 
	"TOTAL_WORK_HOURS" VARCHAR2(200 BYTE), 
	"TOTAL_EXTRA_WORK_HOURS" VARCHAR2(200 BYTE) DEFAULT '0', 
	"WORK_LATE_COUNT" NUMBER DEFAULT 1, 
	"WORK_COUNT" NUMBER, 
	"MEMBER_NO" NUMBER
   ) SEGMENT CREATION IMMEDIATE 
  PCTFREE 10 PCTUSED 40 INITRANS 1 MAXTRANS 255 NOCOMPRESS LOGGING
  STORAGE(INITIAL 65536 NEXT 1048576 MINEXTENTS 1 MAXEXTENTS 2147483645
  PCTINCREASE 0 FREELISTS 1 FREELIST GROUPS 1 BUFFER_POOL DEFAULT FLASH_CACHE DEFAULT CELL_FLASH_CACHE DEFAULT)
  TABLESPACE "SYSTEM" ;

   COMMENT ON COLUMN "EJOBB"."BB_WEEK_WORK_STATISTIC"."WEEK_WORK_STATISTIC_NO" IS '주 출결 통계내역 고유번호';
   COMMENT ON COLUMN "EJOBB"."BB_WEEK_WORK_STATISTIC"."STATISTIC_DATE" IS '통계년월';
   COMMENT ON COLUMN "EJOBB"."BB_WEEK_WORK_STATISTIC"."TOTAL_WORK_HOURS" IS '총 근무시간';
   COMMENT ON COLUMN "EJOBB"."BB_WEEK_WORK_STATISTIC"."TOTAL_EXTRA_WORK_HOURS" IS '총 연장근무시간';
   COMMENT ON COLUMN "EJOBB"."BB_WEEK_WORK_STATISTIC"."WORK_LATE_COUNT" IS '지각횟수';
   COMMENT ON COLUMN "EJOBB"."BB_WEEK_WORK_STATISTIC"."WORK_COUNT" IS '출근횟수';
   COMMENT ON COLUMN "EJOBB"."BB_WEEK_WORK_STATISTIC"."MEMBER_NO" IS '사번';
--------------------------------------------------------
--  DDL for Table BB_WORKCONTRACT
--------------------------------------------------------

  CREATE TABLE "EJOBB"."BB_WORKCONTRACT" 
   (	"WORKCONTRACT_NO" NUMBER, 
	"WORKCONTRACT_FILE_ATTACH_NO" NUMBER, 
	"ORIGINAL_NAME" VARCHAR2(200 BYTE), 
	"SAVED_NAME" VARCHAR2(200 BYTE), 
	"ATTACHMENT_DATE" DATE DEFAULT SYSDATE, 
	"MEMBER_INFO_NO" NUMBER
   ) SEGMENT CREATION IMMEDIATE 
  PCTFREE 10 PCTUSED 40 INITRANS 1 MAXTRANS 255 NOCOMPRESS LOGGING
  STORAGE(INITIAL 65536 NEXT 1048576 MINEXTENTS 1 MAXEXTENTS 2147483645
  PCTINCREASE 0 FREELISTS 1 FREELIST GROUPS 1 BUFFER_POOL DEFAULT FLASH_CACHE DEFAULT CELL_FLASH_CACHE DEFAULT)
  TABLESPACE "SYSTEM" ;

   COMMENT ON COLUMN "EJOBB"."BB_WORKCONTRACT"."WORKCONTRACT_NO" IS '근로계약서 고유번호';
   COMMENT ON COLUMN "EJOBB"."BB_WORKCONTRACT"."WORKCONTRACT_FILE_ATTACH_NO" IS '근로계약서첨부 파일번호';
   COMMENT ON COLUMN "EJOBB"."BB_WORKCONTRACT"."ORIGINAL_NAME" IS '원본파일명';
   COMMENT ON COLUMN "EJOBB"."BB_WORKCONTRACT"."SAVED_NAME" IS '저장파일명';
   COMMENT ON COLUMN "EJOBB"."BB_WORKCONTRACT"."ATTACHMENT_DATE" IS '첨부일';
   COMMENT ON COLUMN "EJOBB"."BB_WORKCONTRACT"."MEMBER_INFO_NO" IS '신상번호';
--------------------------------------------------------
--  DDL for Table BB_WORKSTATUS
--------------------------------------------------------

  CREATE TABLE "EJOBB"."BB_WORKSTATUS" 
   (	"WORKSTATUS_NO" NUMBER, 
	"WORKDATE" VARCHAR2(20 BYTE), 
	"COMMUTE" DATE, 
	"LEAVE_WORK" DATE, 
	"MEMBER_NO" NUMBER, 
	"WORKTYPE_CODE" VARCHAR2(50 BYTE)
   ) SEGMENT CREATION IMMEDIATE 
  PCTFREE 10 PCTUSED 40 INITRANS 1 MAXTRANS 255 NOCOMPRESS LOGGING
  STORAGE(INITIAL 65536 NEXT 1048576 MINEXTENTS 1 MAXEXTENTS 2147483645
  PCTINCREASE 0 FREELISTS 1 FREELIST GROUPS 1 BUFFER_POOL DEFAULT FLASH_CACHE DEFAULT CELL_FLASH_CACHE DEFAULT)
  TABLESPACE "SYSTEM" ;

   COMMENT ON COLUMN "EJOBB"."BB_WORKSTATUS"."WORKSTATUS_NO" IS '근태현황고유번호';
   COMMENT ON COLUMN "EJOBB"."BB_WORKSTATUS"."WORKDATE" IS '날짜';
   COMMENT ON COLUMN "EJOBB"."BB_WORKSTATUS"."COMMUTE" IS '출근시간';
   COMMENT ON COLUMN "EJOBB"."BB_WORKSTATUS"."LEAVE_WORK" IS '퇴근시간';
   COMMENT ON COLUMN "EJOBB"."BB_WORKSTATUS"."MEMBER_NO" IS '사번';
   COMMENT ON COLUMN "EJOBB"."BB_WORKSTATUS"."WORKTYPE_CODE" IS '퇴근시간';
--------------------------------------------------------
--  DDL for Table BB_WORKTYPE
--------------------------------------------------------

  CREATE TABLE "EJOBB"."BB_WORKTYPE" 
   (	"WORKTYPE_CODE" VARCHAR2(50 BYTE), 
	"WORKTYPE_TYPE" VARCHAR2(50 BYTE)
   ) SEGMENT CREATION IMMEDIATE 
  PCTFREE 10 PCTUSED 40 INITRANS 1 MAXTRANS 255 NOCOMPRESS LOGGING
  STORAGE(INITIAL 65536 NEXT 1048576 MINEXTENTS 1 MAXEXTENTS 2147483645
  PCTINCREASE 0 FREELISTS 1 FREELIST GROUPS 1 BUFFER_POOL DEFAULT FLASH_CACHE DEFAULT CELL_FLASH_CACHE DEFAULT)
  TABLESPACE "SYSTEM" ;

   COMMENT ON COLUMN "EJOBB"."BB_WORKTYPE"."WORKTYPE_CODE" IS '근무형태코드';
   COMMENT ON COLUMN "EJOBB"."BB_WORKTYPE"."WORKTYPE_TYPE" IS '근무형태';
--------------------------------------------------------
--  DDL for Table BB_WORK_SCHEDULE
--------------------------------------------------------

  CREATE TABLE "EJOBB"."BB_WORK_SCHEDULE" 
   (	"SCHEDULE_NO" NUMBER, 
	"MEMBER_NO" NUMBER, 
	"SCHEDULE_NAME" VARCHAR2(100 BYTE), 
	"SCHEDULE_TYPE" VARCHAR2(100 BYTE), 
	"START_DATE" DATE, 
	"END_DATE" DATE, 
	"SCHEDULE_LOCATION" VARCHAR2(100 BYTE), 
	"ATTENDANCE_NAME" VARCHAR2(500 BYTE), 
	"SCHEDULE_INFO" VARCHAR2(300 BYTE), 
	"SCHEDULE_DELETE_STATUS" VARCHAR2(10 BYTE), 
	"SCHEDULE_STATUS" VARCHAR2(10 BYTE)
   ) SEGMENT CREATION IMMEDIATE 
  PCTFREE 10 PCTUSED 40 INITRANS 1 MAXTRANS 255 NOCOMPRESS LOGGING
  STORAGE(INITIAL 65536 NEXT 1048576 MINEXTENTS 1 MAXEXTENTS 2147483645
  PCTINCREASE 0 FREELISTS 1 FREELIST GROUPS 1 BUFFER_POOL DEFAULT FLASH_CACHE DEFAULT CELL_FLASH_CACHE DEFAULT)
  TABLESPACE "SYSTEM" ;

   COMMENT ON COLUMN "EJOBB"."BB_WORK_SCHEDULE"."SCHEDULE_NO" IS '일정등록번호';
   COMMENT ON COLUMN "EJOBB"."BB_WORK_SCHEDULE"."MEMBER_NO" IS '사번';
   COMMENT ON COLUMN "EJOBB"."BB_WORK_SCHEDULE"."SCHEDULE_NAME" IS '일정명';
   COMMENT ON COLUMN "EJOBB"."BB_WORK_SCHEDULE"."SCHEDULE_TYPE" IS '일정분류';
   COMMENT ON COLUMN "EJOBB"."BB_WORK_SCHEDULE"."START_DATE" IS '시작일자';
   COMMENT ON COLUMN "EJOBB"."BB_WORK_SCHEDULE"."END_DATE" IS '종료일자';
   COMMENT ON COLUMN "EJOBB"."BB_WORK_SCHEDULE"."SCHEDULE_LOCATION" IS '장소';
   COMMENT ON COLUMN "EJOBB"."BB_WORK_SCHEDULE"."ATTENDANCE_NAME" IS '참석자';
   COMMENT ON COLUMN "EJOBB"."BB_WORK_SCHEDULE"."SCHEDULE_INFO" IS '내용';
   COMMENT ON COLUMN "EJOBB"."BB_WORK_SCHEDULE"."SCHEDULE_DELETE_STATUS" IS '삭제여부';
   COMMENT ON COLUMN "EJOBB"."BB_WORK_SCHEDULE"."SCHEDULE_STATUS" IS '상태여부';
REM INSERTING into EJOBB.BB_ABSENCE
SET DEFINE OFF;
REM INSERTING into EJOBB.BB_ALRAM
SET DEFINE OFF;
REM INSERTING into EJOBB.BB_ALRAM_TYPE
SET DEFINE OFF;
REM INSERTING into EJOBB.BB_APPROVE
SET DEFINE OFF;
Insert into EJOBB.BB_APPROVE (APPROVE_CODE,APPROVE_STATUS,DRAFTING_NO,LINE_NO) values (1,'대기',1,1);
Insert into EJOBB.BB_APPROVE (APPROVE_CODE,APPROVE_STATUS,DRAFTING_NO,LINE_NO) values (2,'승인',1,1);
Insert into EJOBB.BB_APPROVE (APPROVE_CODE,APPROVE_STATUS,DRAFTING_NO,LINE_NO) values (3,'대기',2,2);
Insert into EJOBB.BB_APPROVE (APPROVE_CODE,APPROVE_STATUS,DRAFTING_NO,LINE_NO) values (4,'보류',2,2);
Insert into EJOBB.BB_APPROVE (APPROVE_CODE,APPROVE_STATUS,DRAFTING_NO,LINE_NO) values (5,'승인',2,2);
REM INSERTING into EJOBB.BB_ARMY
SET DEFINE OFF;
Insert into EJOBB.BB_ARMY (ARMY_NO,ARMY_BRANCH,ARMY_CLASS,ARMY_SERVICE_NUM,ARMY_DISCHARGE,ARMY_START,ARMY_END,ARMY_REASON,MEMBER_NO) values (1,'육군','병장','13-73030356','전역',to_date('13/06/06','RR/MM/DD'),to_date('15/03/05','RR/MM/DD'),'만기전역',1);
Insert into EJOBB.BB_ARMY (ARMY_NO,ARMY_BRANCH,ARMY_CLASS,ARMY_SERVICE_NUM,ARMY_DISCHARGE,ARMY_START,ARMY_END,ARMY_REASON,MEMBER_NO) values (2,'육군','병장','12-73030356','전역',to_date('12/06/06','RR/MM/DD'),to_date('14/03/05','RR/MM/DD'),'만기전역',2);
Insert into EJOBB.BB_ARMY (ARMY_NO,ARMY_BRANCH,ARMY_CLASS,ARMY_SERVICE_NUM,ARMY_DISCHARGE,ARMY_START,ARMY_END,ARMY_REASON,MEMBER_NO) values (3,'육군','병장','11-73030356','전역',to_date('11/06/06','RR/MM/DD'),to_date('13/03/05','RR/MM/DD'),'만기전역',3);
Insert into EJOBB.BB_ARMY (ARMY_NO,ARMY_BRANCH,ARMY_CLASS,ARMY_SERVICE_NUM,ARMY_DISCHARGE,ARMY_START,ARMY_END,ARMY_REASON,MEMBER_NO) values (4,'육군','병장','10-73030356','전역',to_date('10/06/06','RR/MM/DD'),to_date('12/03/05','RR/MM/DD'),'만기전역',4);
Insert into EJOBB.BB_ARMY (ARMY_NO,ARMY_BRANCH,ARMY_CLASS,ARMY_SERVICE_NUM,ARMY_DISCHARGE,ARMY_START,ARMY_END,ARMY_REASON,MEMBER_NO) values (5,'육군','병장','09-73030356','전역',to_date('09/06/06','RR/MM/DD'),to_date('11/03/05','RR/MM/DD'),'만기전역',5);
Insert into EJOBB.BB_ARMY (ARMY_NO,ARMY_BRANCH,ARMY_CLASS,ARMY_SERVICE_NUM,ARMY_DISCHARGE,ARMY_START,ARMY_END,ARMY_REASON,MEMBER_NO) values (6,'육군','병장','08-73030356','전역',to_date('08/06/06','RR/MM/DD'),to_date('10/03/05','RR/MM/DD'),'만기전역',6);
Insert into EJOBB.BB_ARMY (ARMY_NO,ARMY_BRANCH,ARMY_CLASS,ARMY_SERVICE_NUM,ARMY_DISCHARGE,ARMY_START,ARMY_END,ARMY_REASON,MEMBER_NO) values (7,'육군','병장','21-73030356','전역',to_date('21/06/06','RR/MM/DD'),to_date('23/03/05','RR/MM/DD'),'만기전역',7);
Insert into EJOBB.BB_ARMY (ARMY_NO,ARMY_BRANCH,ARMY_CLASS,ARMY_SERVICE_NUM,ARMY_DISCHARGE,ARMY_START,ARMY_END,ARMY_REASON,MEMBER_NO) values (8,'육군','병장','12-73030356','전역',to_date('21/06/06','RR/MM/DD'),to_date('23/03/05','RR/MM/DD'),'만기전역',8);
Insert into EJOBB.BB_ARMY (ARMY_NO,ARMY_BRANCH,ARMY_CLASS,ARMY_SERVICE_NUM,ARMY_DISCHARGE,ARMY_START,ARMY_END,ARMY_REASON,MEMBER_NO) values (9,'육군','병장','21-73030356','전역',to_date('21/06/06','RR/MM/DD'),to_date('23/03/05','RR/MM/DD'),'만기전역',9);
Insert into EJOBB.BB_ARMY (ARMY_NO,ARMY_BRANCH,ARMY_CLASS,ARMY_SERVICE_NUM,ARMY_DISCHARGE,ARMY_START,ARMY_END,ARMY_REASON,MEMBER_NO) values (10,'육군','병장','21-73030356','전역',to_date('21/06/06','RR/MM/DD'),to_date('23/03/05','RR/MM/DD'),'만기전역',12);
Insert into EJOBB.BB_ARMY (ARMY_NO,ARMY_BRANCH,ARMY_CLASS,ARMY_SERVICE_NUM,ARMY_DISCHARGE,ARMY_START,ARMY_END,ARMY_REASON,MEMBER_NO) values (11,'육군','병장','21-73030356','전역',to_date('21/06/06','RR/MM/DD'),to_date('23/03/05','RR/MM/DD'),'만기전역',13);
Insert into EJOBB.BB_ARMY (ARMY_NO,ARMY_BRANCH,ARMY_CLASS,ARMY_SERVICE_NUM,ARMY_DISCHARGE,ARMY_START,ARMY_END,ARMY_REASON,MEMBER_NO) values (12,'육군','병장','21-73030356','전역',to_date('21/06/06','RR/MM/DD'),to_date('23/03/05','RR/MM/DD'),'만기전역',14);
REM INSERTING into EJOBB.BB_ATTACHMENT_TYPE
SET DEFINE OFF;
Insert into EJOBB.BB_ATTACHMENT_TYPE (ATTACHMENT_TYPE_NO,ATTACHMENT_NAME) values ('F1','신상');
REM INSERTING into EJOBB.BB_BOARD
SET DEFINE OFF;
Insert into EJOBB.BB_BOARD (BOARD_NO,BOARD_TYPE,BOARD_TITLE,BOARD_WRITER,BOARD_STATUS,BOARD_FILEATTACHMENT,BOARD_COUNT,BOARD_ENROLL_DATE,BOARD_END_DATE,MEMBER_NO) values (1,'자유','회사 근처 맛집 소개','송남규','Y',null,0,to_date('21/04/27','RR/MM/DD'),to_date('21/04/27','RR/MM/DD'),2);
Insert into EJOBB.BB_BOARD (BOARD_NO,BOARD_TYPE,BOARD_TITLE,BOARD_WRITER,BOARD_STATUS,BOARD_FILEATTACHMENT,BOARD_COUNT,BOARD_ENROLL_DATE,BOARD_END_DATE,MEMBER_NO) values (2,'자유','사내 자전거 동호회 모집','송남규','Y',null,0,to_date('21/04/27','RR/MM/DD'),to_date('21/04/27','RR/MM/DD'),2);
Insert into EJOBB.BB_BOARD (BOARD_NO,BOARD_TYPE,BOARD_TITLE,BOARD_WRITER,BOARD_STATUS,BOARD_FILEATTACHMENT,BOARD_COUNT,BOARD_ENROLL_DATE,BOARD_END_DATE,MEMBER_NO) values (3,'자유','코딩 스터디 모집','송남규','Y',null,0,to_date('21/04/27','RR/MM/DD'),to_date('21/04/27','RR/MM/DD'),2);
Insert into EJOBB.BB_BOARD (BOARD_NO,BOARD_TYPE,BOARD_TITLE,BOARD_WRITER,BOARD_STATUS,BOARD_FILEATTACHMENT,BOARD_COUNT,BOARD_ENROLL_DATE,BOARD_END_DATE,MEMBER_NO) values (4,'자유','사내 축구부 인원 모집','송남규','Y',null,0,to_date('21/04/27','RR/MM/DD'),to_date('21/04/27','RR/MM/DD'),2);
Insert into EJOBB.BB_BOARD (BOARD_NO,BOARD_TYPE,BOARD_TITLE,BOARD_WRITER,BOARD_STATUS,BOARD_FILEATTACHMENT,BOARD_COUNT,BOARD_ENROLL_DATE,BOARD_END_DATE,MEMBER_NO) values (5,'자유','회사에서 지원하는 코딩 교육에 참여해보세요','송남규','Y',null,0,to_date('21/04/27','RR/MM/DD'),to_date('21/04/27','RR/MM/DD'),2);
Insert into EJOBB.BB_BOARD (BOARD_NO,BOARD_TYPE,BOARD_TITLE,BOARD_WRITER,BOARD_STATUS,BOARD_FILEATTACHMENT,BOARD_COUNT,BOARD_ENROLL_DATE,BOARD_END_DATE,MEMBER_NO) values (6,'자유','사내 배드민턴부 회원 모집','송남규','Y',null,0,to_date('21/04/27','RR/MM/DD'),to_date('21/04/27','RR/MM/DD'),2);
Insert into EJOBB.BB_BOARD (BOARD_NO,BOARD_TYPE,BOARD_TITLE,BOARD_WRITER,BOARD_STATUS,BOARD_FILEATTACHMENT,BOARD_COUNT,BOARD_ENROLL_DATE,BOARD_END_DATE,MEMBER_NO) values (7,'자유','금주 하프 마라톤 참가 인원 모집','송남규','Y',null,0,to_date('21/04/27','RR/MM/DD'),to_date('21/04/27','RR/MM/DD'),2);
Insert into EJOBB.BB_BOARD (BOARD_NO,BOARD_TYPE,BOARD_TITLE,BOARD_WRITER,BOARD_STATUS,BOARD_FILEATTACHMENT,BOARD_COUNT,BOARD_ENROLL_DATE,BOARD_END_DATE,MEMBER_NO) values (8,'자유','사내 농구부 부원 모집','송남규','Y',null,0,to_date('21/04/27','RR/MM/DD'),to_date('21/04/27','RR/MM/DD'),2);
Insert into EJOBB.BB_BOARD (BOARD_NO,BOARD_TYPE,BOARD_TITLE,BOARD_WRITER,BOARD_STATUS,BOARD_FILEATTACHMENT,BOARD_COUNT,BOARD_ENROLL_DATE,BOARD_END_DATE,MEMBER_NO) values (9,'자유','사내 볼링부 부원 모집','송남규','Y',null,0,to_date('21/04/27','RR/MM/DD'),to_date('21/04/27','RR/MM/DD'),2);
Insert into EJOBB.BB_BOARD (BOARD_NO,BOARD_TYPE,BOARD_TITLE,BOARD_WRITER,BOARD_STATUS,BOARD_FILEATTACHMENT,BOARD_COUNT,BOARD_ENROLL_DATE,BOARD_END_DATE,MEMBER_NO) values (10,'자유','회사 주변 카페 소개','송남규','Y',null,0,to_date('21/04/27','RR/MM/DD'),to_date('21/04/27','RR/MM/DD'),2);
Insert into EJOBB.BB_BOARD (BOARD_NO,BOARD_TYPE,BOARD_TITLE,BOARD_WRITER,BOARD_STATUS,BOARD_FILEATTACHMENT,BOARD_COUNT,BOARD_ENROLL_DATE,BOARD_END_DATE,MEMBER_NO) values (11,'자유','금주 자원봉사 인원 모집','송남규','Y',null,0,to_date('21/04/27','RR/MM/DD'),to_date('21/04/27','RR/MM/DD'),2);
Insert into EJOBB.BB_BOARD (BOARD_NO,BOARD_TYPE,BOARD_TITLE,BOARD_WRITER,BOARD_STATUS,BOARD_FILEATTACHMENT,BOARD_COUNT,BOARD_ENROLL_DATE,BOARD_END_DATE,MEMBER_NO) values (12,'자유','테스트','송남규','Y',null,0,to_date('21/04/27','RR/MM/DD'),to_date('21/04/27','RR/MM/DD'),2);
Insert into EJOBB.BB_BOARD (BOARD_NO,BOARD_TYPE,BOARD_TITLE,BOARD_WRITER,BOARD_STATUS,BOARD_FILEATTACHMENT,BOARD_COUNT,BOARD_ENROLL_DATE,BOARD_END_DATE,MEMBER_NO) values (13,'자유','테스트','송남규','Y',null,0,to_date('21/04/27','RR/MM/DD'),to_date('21/04/27','RR/MM/DD'),2);
Insert into EJOBB.BB_BOARD (BOARD_NO,BOARD_TYPE,BOARD_TITLE,BOARD_WRITER,BOARD_STATUS,BOARD_FILEATTACHMENT,BOARD_COUNT,BOARD_ENROLL_DATE,BOARD_END_DATE,MEMBER_NO) values (14,'자유','테스트','송남규','Y',null,0,to_date('21/04/27','RR/MM/DD'),to_date('21/04/27','RR/MM/DD'),2);
Insert into EJOBB.BB_BOARD (BOARD_NO,BOARD_TYPE,BOARD_TITLE,BOARD_WRITER,BOARD_STATUS,BOARD_FILEATTACHMENT,BOARD_COUNT,BOARD_ENROLL_DATE,BOARD_END_DATE,MEMBER_NO) values (15,'자유','테스트','송남규','Y',null,0,to_date('21/04/27','RR/MM/DD'),to_date('21/04/27','RR/MM/DD'),2);
Insert into EJOBB.BB_BOARD (BOARD_NO,BOARD_TYPE,BOARD_TITLE,BOARD_WRITER,BOARD_STATUS,BOARD_FILEATTACHMENT,BOARD_COUNT,BOARD_ENROLL_DATE,BOARD_END_DATE,MEMBER_NO) values (16,'공지','[공지/필독] 업무 처리 방법 및 양식 변경','최지환','Y',null,0,to_date('21/04/27','RR/MM/DD'),to_date('21/04/27','RR/MM/DD'),1);
Insert into EJOBB.BB_BOARD (BOARD_NO,BOARD_TYPE,BOARD_TITLE,BOARD_WRITER,BOARD_STATUS,BOARD_FILEATTACHMENT,BOARD_COUNT,BOARD_ENROLL_DATE,BOARD_END_DATE,MEMBER_NO) values (17,'공지','공지테스트','최지환','Y',null,0,to_date('21/04/27','RR/MM/DD'),to_date('21/04/27','RR/MM/DD'),1);
Insert into EJOBB.BB_BOARD (BOARD_NO,BOARD_TYPE,BOARD_TITLE,BOARD_WRITER,BOARD_STATUS,BOARD_FILEATTACHMENT,BOARD_COUNT,BOARD_ENROLL_DATE,BOARD_END_DATE,MEMBER_NO) values (18,'공지','공지테스트','최지환','Y',null,0,to_date('21/04/27','RR/MM/DD'),to_date('21/04/27','RR/MM/DD'),1);
Insert into EJOBB.BB_BOARD (BOARD_NO,BOARD_TYPE,BOARD_TITLE,BOARD_WRITER,BOARD_STATUS,BOARD_FILEATTACHMENT,BOARD_COUNT,BOARD_ENROLL_DATE,BOARD_END_DATE,MEMBER_NO) values (19,'공지','공지테스트','최지환','Y',null,0,to_date('21/04/27','RR/MM/DD'),to_date('21/04/27','RR/MM/DD'),1);
Insert into EJOBB.BB_BOARD (BOARD_NO,BOARD_TYPE,BOARD_TITLE,BOARD_WRITER,BOARD_STATUS,BOARD_FILEATTACHMENT,BOARD_COUNT,BOARD_ENROLL_DATE,BOARD_END_DATE,MEMBER_NO) values (20,'공지','공지테스트','최지환','Y',null,0,to_date('21/04/27','RR/MM/DD'),to_date('21/04/27','RR/MM/DD'),1);
Insert into EJOBB.BB_BOARD (BOARD_NO,BOARD_TYPE,BOARD_TITLE,BOARD_WRITER,BOARD_STATUS,BOARD_FILEATTACHMENT,BOARD_COUNT,BOARD_ENROLL_DATE,BOARD_END_DATE,MEMBER_NO) values (21,'공지','공지테스트','최지환','Y',null,0,to_date('21/04/27','RR/MM/DD'),to_date('21/04/27','RR/MM/DD'),1);
Insert into EJOBB.BB_BOARD (BOARD_NO,BOARD_TYPE,BOARD_TITLE,BOARD_WRITER,BOARD_STATUS,BOARD_FILEATTACHMENT,BOARD_COUNT,BOARD_ENROLL_DATE,BOARD_END_DATE,MEMBER_NO) values (22,'공지','공지테스트','최지환','Y',null,0,to_date('21/04/27','RR/MM/DD'),to_date('21/04/27','RR/MM/DD'),1);
Insert into EJOBB.BB_BOARD (BOARD_NO,BOARD_TYPE,BOARD_TITLE,BOARD_WRITER,BOARD_STATUS,BOARD_FILEATTACHMENT,BOARD_COUNT,BOARD_ENROLL_DATE,BOARD_END_DATE,MEMBER_NO) values (23,'공지','공지테스트','최지환','Y',null,0,to_date('21/04/27','RR/MM/DD'),to_date('21/04/27','RR/MM/DD'),1);
Insert into EJOBB.BB_BOARD (BOARD_NO,BOARD_TYPE,BOARD_TITLE,BOARD_WRITER,BOARD_STATUS,BOARD_FILEATTACHMENT,BOARD_COUNT,BOARD_ENROLL_DATE,BOARD_END_DATE,MEMBER_NO) values (24,'공지','공지테스트','최지환','Y',null,0,to_date('21/04/27','RR/MM/DD'),to_date('21/04/27','RR/MM/DD'),1);
Insert into EJOBB.BB_BOARD (BOARD_NO,BOARD_TYPE,BOARD_TITLE,BOARD_WRITER,BOARD_STATUS,BOARD_FILEATTACHMENT,BOARD_COUNT,BOARD_ENROLL_DATE,BOARD_END_DATE,MEMBER_NO) values (25,'공지','공지테스트','최지환','Y',null,0,to_date('21/04/27','RR/MM/DD'),to_date('21/04/27','RR/MM/DD'),1);
Insert into EJOBB.BB_BOARD (BOARD_NO,BOARD_TYPE,BOARD_TITLE,BOARD_WRITER,BOARD_STATUS,BOARD_FILEATTACHMENT,BOARD_COUNT,BOARD_ENROLL_DATE,BOARD_END_DATE,MEMBER_NO) values (26,'공지','공지테스트','최지환','Y',null,0,to_date('21/04/27','RR/MM/DD'),to_date('21/04/27','RR/MM/DD'),1);
Insert into EJOBB.BB_BOARD (BOARD_NO,BOARD_TYPE,BOARD_TITLE,BOARD_WRITER,BOARD_STATUS,BOARD_FILEATTACHMENT,BOARD_COUNT,BOARD_ENROLL_DATE,BOARD_END_DATE,MEMBER_NO) values (27,'공지','공지테스트','최지환','Y',null,0,to_date('21/04/27','RR/MM/DD'),to_date('21/04/27','RR/MM/DD'),1);
Insert into EJOBB.BB_BOARD (BOARD_NO,BOARD_TYPE,BOARD_TITLE,BOARD_WRITER,BOARD_STATUS,BOARD_FILEATTACHMENT,BOARD_COUNT,BOARD_ENROLL_DATE,BOARD_END_DATE,MEMBER_NO) values (28,'인사','인사테스트','최지환','Y',null,0,to_date('21/04/27','RR/MM/DD'),to_date('21/04/27','RR/MM/DD'),4);
Insert into EJOBB.BB_BOARD (BOARD_NO,BOARD_TYPE,BOARD_TITLE,BOARD_WRITER,BOARD_STATUS,BOARD_FILEATTACHMENT,BOARD_COUNT,BOARD_ENROLL_DATE,BOARD_END_DATE,MEMBER_NO) values (29,'인사','인사테스트','최지환','Y',null,0,to_date('21/04/27','RR/MM/DD'),to_date('21/04/27','RR/MM/DD'),4);
Insert into EJOBB.BB_BOARD (BOARD_NO,BOARD_TYPE,BOARD_TITLE,BOARD_WRITER,BOARD_STATUS,BOARD_FILEATTACHMENT,BOARD_COUNT,BOARD_ENROLL_DATE,BOARD_END_DATE,MEMBER_NO) values (30,'인사','인사테스트','최지환','Y',null,0,to_date('21/04/27','RR/MM/DD'),to_date('21/04/27','RR/MM/DD'),4);
Insert into EJOBB.BB_BOARD (BOARD_NO,BOARD_TYPE,BOARD_TITLE,BOARD_WRITER,BOARD_STATUS,BOARD_FILEATTACHMENT,BOARD_COUNT,BOARD_ENROLL_DATE,BOARD_END_DATE,MEMBER_NO) values (31,'인사','인사테스트','최지환','Y',null,0,to_date('21/04/27','RR/MM/DD'),to_date('21/04/27','RR/MM/DD'),3);
Insert into EJOBB.BB_BOARD (BOARD_NO,BOARD_TYPE,BOARD_TITLE,BOARD_WRITER,BOARD_STATUS,BOARD_FILEATTACHMENT,BOARD_COUNT,BOARD_ENROLL_DATE,BOARD_END_DATE,MEMBER_NO) values (32,'인사','인사테스트','최지환','Y',null,0,to_date('21/04/27','RR/MM/DD'),to_date('21/04/27','RR/MM/DD'),4);
Insert into EJOBB.BB_BOARD (BOARD_NO,BOARD_TYPE,BOARD_TITLE,BOARD_WRITER,BOARD_STATUS,BOARD_FILEATTACHMENT,BOARD_COUNT,BOARD_ENROLL_DATE,BOARD_END_DATE,MEMBER_NO) values (33,'인사','인사테스트','최지환','Y',null,0,to_date('21/04/27','RR/MM/DD'),to_date('21/04/27','RR/MM/DD'),4);
Insert into EJOBB.BB_BOARD (BOARD_NO,BOARD_TYPE,BOARD_TITLE,BOARD_WRITER,BOARD_STATUS,BOARD_FILEATTACHMENT,BOARD_COUNT,BOARD_ENROLL_DATE,BOARD_END_DATE,MEMBER_NO) values (34,'인사','인사테스트','최지환','Y',null,0,to_date('21/04/27','RR/MM/DD'),to_date('21/04/27','RR/MM/DD'),4);
Insert into EJOBB.BB_BOARD (BOARD_NO,BOARD_TYPE,BOARD_TITLE,BOARD_WRITER,BOARD_STATUS,BOARD_FILEATTACHMENT,BOARD_COUNT,BOARD_ENROLL_DATE,BOARD_END_DATE,MEMBER_NO) values (35,'인사','인사테스트','최지환','Y',null,0,to_date('21/04/27','RR/MM/DD'),to_date('21/04/27','RR/MM/DD'),4);
Insert into EJOBB.BB_BOARD (BOARD_NO,BOARD_TYPE,BOARD_TITLE,BOARD_WRITER,BOARD_STATUS,BOARD_FILEATTACHMENT,BOARD_COUNT,BOARD_ENROLL_DATE,BOARD_END_DATE,MEMBER_NO) values (36,'인사','인사테스트','최지환','Y',null,0,to_date('21/04/27','RR/MM/DD'),to_date('21/04/27','RR/MM/DD'),4);
Insert into EJOBB.BB_BOARD (BOARD_NO,BOARD_TYPE,BOARD_TITLE,BOARD_WRITER,BOARD_STATUS,BOARD_FILEATTACHMENT,BOARD_COUNT,BOARD_ENROLL_DATE,BOARD_END_DATE,MEMBER_NO) values (37,'인사','인사테스트','최지환','Y',null,0,to_date('21/04/27','RR/MM/DD'),to_date('21/04/27','RR/MM/DD'),4);
Insert into EJOBB.BB_BOARD (BOARD_NO,BOARD_TYPE,BOARD_TITLE,BOARD_WRITER,BOARD_STATUS,BOARD_FILEATTACHMENT,BOARD_COUNT,BOARD_ENROLL_DATE,BOARD_END_DATE,MEMBER_NO) values (38,'인사','인사테스트','최지환','Y',null,0,to_date('21/04/27','RR/MM/DD'),to_date('21/04/27','RR/MM/DD'),4);
Insert into EJOBB.BB_BOARD (BOARD_NO,BOARD_TYPE,BOARD_TITLE,BOARD_WRITER,BOARD_STATUS,BOARD_FILEATTACHMENT,BOARD_COUNT,BOARD_ENROLL_DATE,BOARD_END_DATE,MEMBER_NO) values (39,'인사','인사테스트','최지환','Y',null,0,to_date('21/04/27','RR/MM/DD'),to_date('21/04/27','RR/MM/DD'),4);
Insert into EJOBB.BB_BOARD (BOARD_NO,BOARD_TYPE,BOARD_TITLE,BOARD_WRITER,BOARD_STATUS,BOARD_FILEATTACHMENT,BOARD_COUNT,BOARD_ENROLL_DATE,BOARD_END_DATE,MEMBER_NO) values (40,'인사','인사테스트','최지환','Y',null,0,to_date('21/04/27','RR/MM/DD'),to_date('21/04/27','RR/MM/DD'),4);
Insert into EJOBB.BB_BOARD (BOARD_NO,BOARD_TYPE,BOARD_TITLE,BOARD_WRITER,BOARD_STATUS,BOARD_FILEATTACHMENT,BOARD_COUNT,BOARD_ENROLL_DATE,BOARD_END_DATE,MEMBER_NO) values (41,'인사','인사테스트','최지환','Y',null,0,to_date('21/04/27','RR/MM/DD'),to_date('21/04/27','RR/MM/DD'),4);
Insert into EJOBB.BB_BOARD (BOARD_NO,BOARD_TYPE,BOARD_TITLE,BOARD_WRITER,BOARD_STATUS,BOARD_FILEATTACHMENT,BOARD_COUNT,BOARD_ENROLL_DATE,BOARD_END_DATE,MEMBER_NO) values (42,'인사','인사테스트','최지환','Y',null,0,to_date('21/04/27','RR/MM/DD'),to_date('21/04/27','RR/MM/DD'),4);
Insert into EJOBB.BB_BOARD (BOARD_NO,BOARD_TYPE,BOARD_TITLE,BOARD_WRITER,BOARD_STATUS,BOARD_FILEATTACHMENT,BOARD_COUNT,BOARD_ENROLL_DATE,BOARD_END_DATE,MEMBER_NO) values (43,'인사','인사테스트','최지환','Y',null,0,to_date('21/04/27','RR/MM/DD'),to_date('21/04/27','RR/MM/DD'),4);
Insert into EJOBB.BB_BOARD (BOARD_NO,BOARD_TYPE,BOARD_TITLE,BOARD_WRITER,BOARD_STATUS,BOARD_FILEATTACHMENT,BOARD_COUNT,BOARD_ENROLL_DATE,BOARD_END_DATE,MEMBER_NO) values (44,'인사','인사테스트','최지환','Y',null,0,to_date('21/04/27','RR/MM/DD'),null,4);
REM INSERTING into EJOBB.BB_BONUS
SET DEFINE OFF;
Insert into EJOBB.BB_BONUS (BONUS_NO,BONUS_REASON,BONUS_DATE,BONUS_TYPE,BONUS_BODY,MEMBER_NO,APPROVE_CODE) values (1,'회사 우수사원',to_date('21/04/28','RR/MM/DD'),'포상','1억 지급',1,5);
Insert into EJOBB.BB_BONUS (BONUS_NO,BONUS_REASON,BONUS_DATE,BONUS_TYPE,BONUS_BODY,MEMBER_NO,APPROVE_CODE) values (2,'사내 물품 절도',to_date('20/10/23','RR/MM/DD'),'징계','구속',2,5);
Insert into EJOBB.BB_BONUS (BONUS_NO,BONUS_REASON,BONUS_DATE,BONUS_TYPE,BONUS_BODY,MEMBER_NO,APPROVE_CODE) values (3,'이번달 우수사원 포상',to_date('21/03/25','RR/MM/DD'),'포상','이번 달 우수사원 50만원 지급',3,5);
Insert into EJOBB.BB_BONUS (BONUS_NO,BONUS_REASON,BONUS_DATE,BONUS_TYPE,BONUS_BODY,MEMBER_NO,APPROVE_CODE) values (4,'올해의 우수사원 포상',to_date('21/01/05','RR/MM/DD'),'포상','이번 달 우수사원 100만원 지급',4,5);
Insert into EJOBB.BB_BONUS (BONUS_NO,BONUS_REASON,BONUS_DATE,BONUS_TYPE,BONUS_BODY,MEMBER_NO,APPROVE_CODE) values (5,'사내흡연',to_date('21/03/15','RR/MM/DD'),'징계','권고사직',5,5);
Insert into EJOBB.BB_BONUS (BONUS_NO,BONUS_REASON,BONUS_DATE,BONUS_TYPE,BONUS_BODY,MEMBER_NO,APPROVE_CODE) values (6,'자격증 취득 포상',to_date('20/05/13','RR/MM/DD'),'포상','30만원 지급',6,5);
Insert into EJOBB.BB_BONUS (BONUS_NO,BONUS_REASON,BONUS_DATE,BONUS_TYPE,BONUS_BODY,MEMBER_NO,APPROVE_CODE) values (7,'이직 축하',to_date('21/05/25','RR/MM/DD'),'포상','조심히 다녀오세요',7,5);
Insert into EJOBB.BB_BONUS (BONUS_NO,BONUS_REASON,BONUS_DATE,BONUS_TYPE,BONUS_BODY,MEMBER_NO,APPROVE_CODE) values (8,'자격증 취득 포상',to_date('21/03/22','RR/MM/DD'),'포상','30만원 지급',8,5);
Insert into EJOBB.BB_BONUS (BONUS_NO,BONUS_REASON,BONUS_DATE,BONUS_TYPE,BONUS_BODY,MEMBER_NO,APPROVE_CODE) values (9,'신입사원 격려금',to_date('20/10/24','RR/MM/DD'),'포상','5000만원 지급',9,5);
Insert into EJOBB.BB_BONUS (BONUS_NO,BONUS_REASON,BONUS_DATE,BONUS_TYPE,BONUS_BODY,MEMBER_NO,APPROVE_CODE) values (10,'금연 포상',to_date('21/02/12','RR/MM/DD'),'포상','50만원 지급',10,5);
Insert into EJOBB.BB_BONUS (BONUS_NO,BONUS_REASON,BONUS_DATE,BONUS_TYPE,BONUS_BODY,MEMBER_NO,APPROVE_CODE) values (11,'자격증 취득 포상',to_date('20/10/12','RR/MM/DD'),'포상','30만원 지급',11,5);
Insert into EJOBB.BB_BONUS (BONUS_NO,BONUS_REASON,BONUS_DATE,BONUS_TYPE,BONUS_BODY,MEMBER_NO,APPROVE_CODE) values (12,'근무지 무단 이탈',to_date('21/04/27','RR/MM/DD'),'징계','1달 감봉',12,5);
Insert into EJOBB.BB_BONUS (BONUS_NO,BONUS_REASON,BONUS_DATE,BONUS_TYPE,BONUS_BODY,MEMBER_NO,APPROVE_CODE) values (13,'근무지 무단 이탈',to_date('21/04/27','RR/MM/DD'),'징계','1달 감봉',14,5);
REM INSERTING into EJOBB.BB_CAREER
SET DEFINE OFF;
Insert into EJOBB.BB_CAREER (CAREER_NO,CAREER_START,CAREER_END,CAREER_POSITION,MEMBER_NO) values (1,to_date('12/04/15','RR/MM/DD'),to_date('21/04/28','RR/MM/DD'),'구글',1);
Insert into EJOBB.BB_CAREER (CAREER_NO,CAREER_START,CAREER_END,CAREER_POSITION,MEMBER_NO) values (2,to_date('15/03/25','RR/MM/DD'),to_date('20/06/23','RR/MM/DD'),'네이버',2);
Insert into EJOBB.BB_CAREER (CAREER_NO,CAREER_START,CAREER_END,CAREER_POSITION,MEMBER_NO) values (3,to_date('18/12/15','RR/MM/DD'),to_date('20/03/23','RR/MM/DD'),'라인',3);
Insert into EJOBB.BB_CAREER (CAREER_NO,CAREER_START,CAREER_END,CAREER_POSITION,MEMBER_NO) values (4,to_date('13/07/12','RR/MM/DD'),to_date('21/04/23','RR/MM/DD'),'배달의민족',4);
Insert into EJOBB.BB_CAREER (CAREER_NO,CAREER_START,CAREER_END,CAREER_POSITION,MEMBER_NO) values (5,to_date('15/04/23','RR/MM/DD'),to_date('20/08/23','RR/MM/DD'),'아마존',5);
Insert into EJOBB.BB_CAREER (CAREER_NO,CAREER_START,CAREER_END,CAREER_POSITION,MEMBER_NO) values (6,to_date('15/04/05','RR/MM/DD'),to_date('17/04/28','RR/MM/DD'),'원티드',6);
Insert into EJOBB.BB_CAREER (CAREER_NO,CAREER_START,CAREER_END,CAREER_POSITION,MEMBER_NO) values (7,to_date('12/09/03','RR/MM/DD'),to_date('15/02/27','RR/MM/DD'),'카카오',7);
Insert into EJOBB.BB_CAREER (CAREER_NO,CAREER_START,CAREER_END,CAREER_POSITION,MEMBER_NO) values (8,to_date('13/01/25','RR/MM/DD'),to_date('16/07/24','RR/MM/DD'),'아마존',8);
Insert into EJOBB.BB_CAREER (CAREER_NO,CAREER_START,CAREER_END,CAREER_POSITION,MEMBER_NO) values (9,to_date('12/02/05','RR/MM/DD'),to_date('14/06/03','RR/MM/DD'),'원티드',9);
Insert into EJOBB.BB_CAREER (CAREER_NO,CAREER_START,CAREER_END,CAREER_POSITION,MEMBER_NO) values (10,to_date('14/06/03','RR/MM/DD'),to_date('17/01/23','RR/MM/DD'),'구글',10);
Insert into EJOBB.BB_CAREER (CAREER_NO,CAREER_START,CAREER_END,CAREER_POSITION,MEMBER_NO) values (11,to_date('12/02/12','RR/MM/DD'),to_date('16/04/23','RR/MM/DD'),'카카오',11);
Insert into EJOBB.BB_CAREER (CAREER_NO,CAREER_START,CAREER_END,CAREER_POSITION,MEMBER_NO) values (12,to_date('14/01/22','RR/MM/DD'),to_date('17/08/23','RR/MM/DD'),'배달의민족',12);
Insert into EJOBB.BB_CAREER (CAREER_NO,CAREER_START,CAREER_END,CAREER_POSITION,MEMBER_NO) values (13,to_date('13/08/24','RR/MM/DD'),to_date('15/08/23','RR/MM/DD'),'네이버',13);
Insert into EJOBB.BB_CAREER (CAREER_NO,CAREER_START,CAREER_END,CAREER_POSITION,MEMBER_NO) values (14,to_date('16/04/22','RR/MM/DD'),to_date('20/10/15','RR/MM/DD'),'KH',14);
REM INSERTING into EJOBB.BB_CERTIFICATE
SET DEFINE OFF;
Insert into EJOBB.BB_CERTIFICATE (CERTIFICATE_NO,CERTIFICATE_START_DATE,CERTIFICATE_END_DATE,MEMBER_NO,CERTIFICATE_CODE) values (1,to_date('21/04/14','RR/MM/DD'),to_date('21/06/14','RR/MM/DD'),1,'A4');
Insert into EJOBB.BB_CERTIFICATE (CERTIFICATE_NO,CERTIFICATE_START_DATE,CERTIFICATE_END_DATE,MEMBER_NO,CERTIFICATE_CODE) values (2,to_date('21/04/14','RR/MM/DD'),to_date('21/06/14','RR/MM/DD'),2,'A2');
Insert into EJOBB.BB_CERTIFICATE (CERTIFICATE_NO,CERTIFICATE_START_DATE,CERTIFICATE_END_DATE,MEMBER_NO,CERTIFICATE_CODE) values (3,to_date('21/04/14','RR/MM/DD'),to_date('21/06/14','RR/MM/DD'),3,'A3');
Insert into EJOBB.BB_CERTIFICATE (CERTIFICATE_NO,CERTIFICATE_START_DATE,CERTIFICATE_END_DATE,MEMBER_NO,CERTIFICATE_CODE) values (4,to_date('21/04/14','RR/MM/DD'),to_date('21/06/14','RR/MM/DD'),4,'A4');
Insert into EJOBB.BB_CERTIFICATE (CERTIFICATE_NO,CERTIFICATE_START_DATE,CERTIFICATE_END_DATE,MEMBER_NO,CERTIFICATE_CODE) values (5,to_date('21/04/14','RR/MM/DD'),to_date('21/06/14','RR/MM/DD'),5,'A2');
Insert into EJOBB.BB_CERTIFICATE (CERTIFICATE_NO,CERTIFICATE_START_DATE,CERTIFICATE_END_DATE,MEMBER_NO,CERTIFICATE_CODE) values (6,to_date('21/04/14','RR/MM/DD'),to_date('21/06/14','RR/MM/DD'),6,'A3');
Insert into EJOBB.BB_CERTIFICATE (CERTIFICATE_NO,CERTIFICATE_START_DATE,CERTIFICATE_END_DATE,MEMBER_NO,CERTIFICATE_CODE) values (7,to_date('21/04/14','RR/MM/DD'),to_date('21/06/14','RR/MM/DD'),7,'A4');
Insert into EJOBB.BB_CERTIFICATE (CERTIFICATE_NO,CERTIFICATE_START_DATE,CERTIFICATE_END_DATE,MEMBER_NO,CERTIFICATE_CODE) values (8,to_date('21/04/14','RR/MM/DD'),to_date('21/06/14','RR/MM/DD'),8,'A3');
Insert into EJOBB.BB_CERTIFICATE (CERTIFICATE_NO,CERTIFICATE_START_DATE,CERTIFICATE_END_DATE,MEMBER_NO,CERTIFICATE_CODE) values (9,to_date('21/04/14','RR/MM/DD'),to_date('21/06/14','RR/MM/DD'),9,'A4');
Insert into EJOBB.BB_CERTIFICATE (CERTIFICATE_NO,CERTIFICATE_START_DATE,CERTIFICATE_END_DATE,MEMBER_NO,CERTIFICATE_CODE) values (10,to_date('21/04/14','RR/MM/DD'),to_date('21/06/14','RR/MM/DD'),10,'A2');
Insert into EJOBB.BB_CERTIFICATE (CERTIFICATE_NO,CERTIFICATE_START_DATE,CERTIFICATE_END_DATE,MEMBER_NO,CERTIFICATE_CODE) values (11,to_date('21/04/14','RR/MM/DD'),to_date('21/06/14','RR/MM/DD'),11,'A3');
Insert into EJOBB.BB_CERTIFICATE (CERTIFICATE_NO,CERTIFICATE_START_DATE,CERTIFICATE_END_DATE,MEMBER_NO,CERTIFICATE_CODE) values (12,to_date('21/04/14','RR/MM/DD'),to_date('21/06/14','RR/MM/DD'),12,'A4');
Insert into EJOBB.BB_CERTIFICATE (CERTIFICATE_NO,CERTIFICATE_START_DATE,CERTIFICATE_END_DATE,MEMBER_NO,CERTIFICATE_CODE) values (13,to_date('21/04/14','RR/MM/DD'),to_date('21/06/14','RR/MM/DD'),13,'A3');
Insert into EJOBB.BB_CERTIFICATE (CERTIFICATE_NO,CERTIFICATE_START_DATE,CERTIFICATE_END_DATE,MEMBER_NO,CERTIFICATE_CODE) values (14,to_date('21/04/14','RR/MM/DD'),to_date('21/06/14','RR/MM/DD'),14,'A2');
REM INSERTING into EJOBB.BB_CERTIFICATE_CODE
SET DEFINE OFF;
Insert into EJOBB.BB_CERTIFICATE_CODE (CERTIFICATE_CODE,CERTIFICATE_NAME) values ('A1','정보처리기사');
Insert into EJOBB.BB_CERTIFICATE_CODE (CERTIFICATE_CODE,CERTIFICATE_NAME) values ('A2','산업기사');
Insert into EJOBB.BB_CERTIFICATE_CODE (CERTIFICATE_CODE,CERTIFICATE_NAME) values ('A3','국제무역사');
Insert into EJOBB.BB_CERTIFICATE_CODE (CERTIFICATE_CODE,CERTIFICATE_NAME) values ('A4','전기기사');
REM INSERTING into EJOBB.BB_CHAT
SET DEFINE OFF;
REM INSERTING into EJOBB.BB_CHATROOM_NO
SET DEFINE OFF;
REM INSERTING into EJOBB.BB_CHAT_READ_STATUS
SET DEFINE OFF;
REM INSERTING into EJOBB.BB_DEPT
SET DEFINE OFF;
Insert into EJOBB.BB_DEPT (DEPT_CODE,DEPT_NAME,DEPT_UPPER,DEPT_LEVEL) values ('A2','영업부','영업본부',2);
Insert into EJOBB.BB_DEPT (DEPT_CODE,DEPT_NAME,DEPT_UPPER,DEPT_LEVEL) values ('B2','관리부','관리본부',2);
Insert into EJOBB.BB_DEPT (DEPT_CODE,DEPT_NAME,DEPT_UPPER,DEPT_LEVEL) values ('A1','영업본부',null,1);
Insert into EJOBB.BB_DEPT (DEPT_CODE,DEPT_NAME,DEPT_UPPER,DEPT_LEVEL) values ('C2','생산부','생산본부',2);
Insert into EJOBB.BB_DEPT (DEPT_CODE,DEPT_NAME,DEPT_UPPER,DEPT_LEVEL) values ('C1','생산본부',null,1);
Insert into EJOBB.BB_DEPT (DEPT_CODE,DEPT_NAME,DEPT_UPPER,DEPT_LEVEL) values ('D1','교육본부',null,1);
Insert into EJOBB.BB_DEPT (DEPT_CODE,DEPT_NAME,DEPT_UPPER,DEPT_LEVEL) values ('D2','교육부','교육본부',2);
Insert into EJOBB.BB_DEPT (DEPT_CODE,DEPT_NAME,DEPT_UPPER,DEPT_LEVEL) values ('E1','인사지원부',null,1);
REM INSERTING into EJOBB.BB_DRAFTING
SET DEFINE OFF;
Insert into EJOBB.BB_DRAFTING (DRAFTING_NO,DRAFTING_DATE,DRAFTING_COMPLETE_DATE,DRAFTING_COMPLETE_STATUS,DRAFTING_DOCUMENTS_NAME,DRAFTING_DOCUMENTS_CONTENTS,DRAFTING_EMERGENCY,MEMBER_NO,PAYMENT_NO) values (1,to_date('21/02/28','RR/MM/DD'),null,'대기','연차신청서','수료 후 휴가 다녀옵시다.','N',3,1004);
Insert into EJOBB.BB_DRAFTING (DRAFTING_NO,DRAFTING_DATE,DRAFTING_COMPLETE_DATE,DRAFTING_COMPLETE_STATUS,DRAFTING_DOCUMENTS_NAME,DRAFTING_DOCUMENTS_CONTENTS,DRAFTING_EMERGENCY,MEMBER_NO,PAYMENT_NO) values (2,to_date('21/03/01','RR/MM/DD'),null,'대기','연차신청서','수료 후 휴가 중이다~ 약오르지.','N',3,1004);
REM INSERTING into EJOBB.BB_EMAIL
SET DEFINE OFF;
REM INSERTING into EJOBB.BB_FAMILY_INFO
SET DEFINE OFF;
Insert into EJOBB.BB_FAMILY_INFO (FAMILY_INFO_NO,FAMILY_NAME,FAMILY_RELATION,GENDER,FAMILY_BIRTHDAY,FAMILY_STUDY,FAMILY_JOB,MEMBER_NO) values (1,'최아무개','부','M',to_date('68/01/01','RR/MM/DD'),'학사','개발자',1);
Insert into EJOBB.BB_FAMILY_INFO (FAMILY_INFO_NO,FAMILY_NAME,FAMILY_RELATION,GENDER,FAMILY_BIRTHDAY,FAMILY_STUDY,FAMILY_JOB,MEMBER_NO) values (2,'송아무개','부','M',to_date('67/01/01','RR/MM/DD'),'학사','개발자',2);
Insert into EJOBB.BB_FAMILY_INFO (FAMILY_INFO_NO,FAMILY_NAME,FAMILY_RELATION,GENDER,FAMILY_BIRTHDAY,FAMILY_STUDY,FAMILY_JOB,MEMBER_NO) values (3,'한아무개','부','M',to_date('65/01/01','RR/MM/DD'),'학사','개발자',3);
Insert into EJOBB.BB_FAMILY_INFO (FAMILY_INFO_NO,FAMILY_NAME,FAMILY_RELATION,GENDER,FAMILY_BIRTHDAY,FAMILY_STUDY,FAMILY_JOB,MEMBER_NO) values (4,'이아무개','부','M',to_date('69/01/01','RR/MM/DD'),'학사','개발자',4);
Insert into EJOBB.BB_FAMILY_INFO (FAMILY_INFO_NO,FAMILY_NAME,FAMILY_RELATION,GENDER,FAMILY_BIRTHDAY,FAMILY_STUDY,FAMILY_JOB,MEMBER_NO) values (5,'김아무개','부','M',to_date('63/01/01','RR/MM/DD'),'학사','개발자',5);
Insert into EJOBB.BB_FAMILY_INFO (FAMILY_INFO_NO,FAMILY_NAME,FAMILY_RELATION,GENDER,FAMILY_BIRTHDAY,FAMILY_STUDY,FAMILY_JOB,MEMBER_NO) values (6,'신아무개','부','M',to_date('67/01/01','RR/MM/DD'),'학사','개발자',6);
Insert into EJOBB.BB_FAMILY_INFO (FAMILY_INFO_NO,FAMILY_NAME,FAMILY_RELATION,GENDER,FAMILY_BIRTHDAY,FAMILY_STUDY,FAMILY_JOB,MEMBER_NO) values (7,'최아무개2','부','M',to_date('60/01/01','RR/MM/DD'),'학사','개발자',7);
Insert into EJOBB.BB_FAMILY_INFO (FAMILY_INFO_NO,FAMILY_NAME,FAMILY_RELATION,GENDER,FAMILY_BIRTHDAY,FAMILY_STUDY,FAMILY_JOB,MEMBER_NO) values (8,'정아무개','부','M',to_date('60/01/01','RR/MM/DD'),'학사','개발자',8);
Insert into EJOBB.BB_FAMILY_INFO (FAMILY_INFO_NO,FAMILY_NAME,FAMILY_RELATION,GENDER,FAMILY_BIRTHDAY,FAMILY_STUDY,FAMILY_JOB,MEMBER_NO) values (9,'임아무개','부','M',to_date('60/01/01','RR/MM/DD'),'학사','개발자',9);
Insert into EJOBB.BB_FAMILY_INFO (FAMILY_INFO_NO,FAMILY_NAME,FAMILY_RELATION,GENDER,FAMILY_BIRTHDAY,FAMILY_STUDY,FAMILY_JOB,MEMBER_NO) values (10,'한아무개','부','M',to_date('60/01/01','RR/MM/DD'),'학사','개발자',10);
Insert into EJOBB.BB_FAMILY_INFO (FAMILY_INFO_NO,FAMILY_NAME,FAMILY_RELATION,GENDER,FAMILY_BIRTHDAY,FAMILY_STUDY,FAMILY_JOB,MEMBER_NO) values (11,'이아무개','부','M',to_date('60/01/01','RR/MM/DD'),'학사','개발자',11);
Insert into EJOBB.BB_FAMILY_INFO (FAMILY_INFO_NO,FAMILY_NAME,FAMILY_RELATION,GENDER,FAMILY_BIRTHDAY,FAMILY_STUDY,FAMILY_JOB,MEMBER_NO) values (12,'추아무개','부','M',to_date('60/01/01','RR/MM/DD'),'학사','개발자',12);
Insert into EJOBB.BB_FAMILY_INFO (FAMILY_INFO_NO,FAMILY_NAME,FAMILY_RELATION,GENDER,FAMILY_BIRTHDAY,FAMILY_STUDY,FAMILY_JOB,MEMBER_NO) values (13,'김아무개','부','M',to_date('60/01/01','RR/MM/DD'),'학사','개발자',13);
Insert into EJOBB.BB_FAMILY_INFO (FAMILY_INFO_NO,FAMILY_NAME,FAMILY_RELATION,GENDER,FAMILY_BIRTHDAY,FAMILY_STUDY,FAMILY_JOB,MEMBER_NO) values (14,'김아무개','부','M',to_date('60/01/01','RR/MM/DD'),'학사','개발자',14);
REM INSERTING into EJOBB.BB_FILEATTACHMENT
SET DEFINE OFF;
Insert into EJOBB.BB_FILEATTACHMENT (FILE_ATTACHMENT_NO,FILE_ATTACHMENT_PATH,ORIGINAL_NAME,SAVED_NAME,ATTACHMENT_TYPE,ATTACHMENT_DATE,ATTACHMENT_TYPE_NO,MEMBER_NO) values (1,' C:\Dev\2TeamSourceTree\src\main\webapp\resources','예시.jpg','670cdf00c0284854949a03dd3435035a.jpg',null,to_date('21/04/27','RR/MM/DD'),'F1',1);
Insert into EJOBB.BB_FILEATTACHMENT (FILE_ATTACHMENT_NO,FILE_ATTACHMENT_PATH,ORIGINAL_NAME,SAVED_NAME,ATTACHMENT_TYPE,ATTACHMENT_DATE,ATTACHMENT_TYPE_NO,MEMBER_NO) values (2,' C:\Dev\2TeamSourceTree\src\main\webapp\resources','지창욱1.jpg','9ddc6dcdc7d742cc8f60c489f7dcb2e1.jpg',null,to_date('21/04/27','RR/MM/DD'),'F1',2);
Insert into EJOBB.BB_FILEATTACHMENT (FILE_ATTACHMENT_NO,FILE_ATTACHMENT_PATH,ORIGINAL_NAME,SAVED_NAME,ATTACHMENT_TYPE,ATTACHMENT_DATE,ATTACHMENT_TYPE_NO,MEMBER_NO) values (3,' C:\Dev\2TeamSourceTree\src\main\webapp\resources','박보검.jpg','4032b8f69c7d495f8cd0c9056b1bfa9d.jpg',null,to_date('21/04/27','RR/MM/DD'),'F1',3);
Insert into EJOBB.BB_FILEATTACHMENT (FILE_ATTACHMENT_NO,FILE_ATTACHMENT_PATH,ORIGINAL_NAME,SAVED_NAME,ATTACHMENT_TYPE,ATTACHMENT_DATE,ATTACHMENT_TYPE_NO,MEMBER_NO) values (4,' C:\Dev\2TeamSourceTree\src\main\webapp\resources','이동욱.jpg','e49441c2303b4030b5c187da250d1324.jpg',null,to_date('21/04/27','RR/MM/DD'),'F1',4);
Insert into EJOBB.BB_FILEATTACHMENT (FILE_ATTACHMENT_NO,FILE_ATTACHMENT_PATH,ORIGINAL_NAME,SAVED_NAME,ATTACHMENT_TYPE,ATTACHMENT_DATE,ATTACHMENT_TYPE_NO,MEMBER_NO) values (5,' C:\Dev\2TeamSourceTree\src\main\webapp\resources','원빈.jpg','ae02a65d8bf640b0b93aa1e70e31d40c.jpg',null,to_date('21/04/27','RR/MM/DD'),'F1',5);
Insert into EJOBB.BB_FILEATTACHMENT (FILE_ATTACHMENT_NO,FILE_ATTACHMENT_PATH,ORIGINAL_NAME,SAVED_NAME,ATTACHMENT_TYPE,ATTACHMENT_DATE,ATTACHMENT_TYPE_NO,MEMBER_NO) values (6,' C:\Dev\2TeamSourceTree\src\main\webapp\resources','이승기.jpg','33ddc4d499ed461393f17b5692daff0d.jpg',null,to_date('21/04/27','RR/MM/DD'),'F1',6);
Insert into EJOBB.BB_FILEATTACHMENT (FILE_ATTACHMENT_NO,FILE_ATTACHMENT_PATH,ORIGINAL_NAME,SAVED_NAME,ATTACHMENT_TYPE,ATTACHMENT_DATE,ATTACHMENT_TYPE_NO,MEMBER_NO) values (7,' C:\Dev\2TeamSourceTree\src\main\webapp\resources','이제훈.jpg','d5cb7eac3b484b1c9f2b134cf2f386ad.jpg',null,to_date('21/04/27','RR/MM/DD'),'F1',7);
Insert into EJOBB.BB_FILEATTACHMENT (FILE_ATTACHMENT_NO,FILE_ATTACHMENT_PATH,ORIGINAL_NAME,SAVED_NAME,ATTACHMENT_TYPE,ATTACHMENT_DATE,ATTACHMENT_TYPE_NO,MEMBER_NO) values (8,' C:\Dev\2TeamSourceTree\src\main\webapp\resources','예시.jpg','670cdf00c0284854949a03dd3435035a.jpg',null,to_date('21/04/27','RR/MM/DD'),'F1',8);
Insert into EJOBB.BB_FILEATTACHMENT (FILE_ATTACHMENT_NO,FILE_ATTACHMENT_PATH,ORIGINAL_NAME,SAVED_NAME,ATTACHMENT_TYPE,ATTACHMENT_DATE,ATTACHMENT_TYPE_NO,MEMBER_NO) values (9,' C:\Dev\2TeamSourceTree\src\main\webapp\resources','지창욱1.jpg','9ddc6dcdc7d742cc8f60c489f7dcb2e1.jpg',null,to_date('21/04/27','RR/MM/DD'),'F1',9);
Insert into EJOBB.BB_FILEATTACHMENT (FILE_ATTACHMENT_NO,FILE_ATTACHMENT_PATH,ORIGINAL_NAME,SAVED_NAME,ATTACHMENT_TYPE,ATTACHMENT_DATE,ATTACHMENT_TYPE_NO,MEMBER_NO) values (10,' C:\Dev\2TeamSourceTree\src\main\webapp\resources','박보검.jpg','4032b8f69c7d495f8cd0c9056b1bfa9d.jpg',null,to_date('21/04/27','RR/MM/DD'),'F1',10);
Insert into EJOBB.BB_FILEATTACHMENT (FILE_ATTACHMENT_NO,FILE_ATTACHMENT_PATH,ORIGINAL_NAME,SAVED_NAME,ATTACHMENT_TYPE,ATTACHMENT_DATE,ATTACHMENT_TYPE_NO,MEMBER_NO) values (11,' C:\Dev\2TeamSourceTree\src\main\webapp\resources','이동욱.jpg','e49441c2303b4030b5c187da250d1324.jpg',null,to_date('21/04/27','RR/MM/DD'),'F1',11);
Insert into EJOBB.BB_FILEATTACHMENT (FILE_ATTACHMENT_NO,FILE_ATTACHMENT_PATH,ORIGINAL_NAME,SAVED_NAME,ATTACHMENT_TYPE,ATTACHMENT_DATE,ATTACHMENT_TYPE_NO,MEMBER_NO) values (12,' C:\Dev\2TeamSourceTree\src\main\webapp\resources','원빈.jpg','ae02a65d8bf640b0b93aa1e70e31d40c.jpg',null,to_date('21/04/27','RR/MM/DD'),'F1',12);
Insert into EJOBB.BB_FILEATTACHMENT (FILE_ATTACHMENT_NO,FILE_ATTACHMENT_PATH,ORIGINAL_NAME,SAVED_NAME,ATTACHMENT_TYPE,ATTACHMENT_DATE,ATTACHMENT_TYPE_NO,MEMBER_NO) values (13,' C:\Dev\2TeamSourceTree\src\main\webapp\resources','이승기.jpg','33ddc4d499ed461393f17b5692daff0d.jpg',null,to_date('21/04/27','RR/MM/DD'),'F1',13);
Insert into EJOBB.BB_FILEATTACHMENT (FILE_ATTACHMENT_NO,FILE_ATTACHMENT_PATH,ORIGINAL_NAME,SAVED_NAME,ATTACHMENT_TYPE,ATTACHMENT_DATE,ATTACHMENT_TYPE_NO,MEMBER_NO) values (14,' C:\Dev\2TeamSourceTree\src\main\webapp\resources','이제훈.jpg','d5cb7eac3b484b1c9f2b134cf2f386ad.jpg',null,to_date('21/04/27','RR/MM/DD'),'F1',14);
REM INSERTING into EJOBB.BB_FINAL_ACADEMIC
SET DEFINE OFF;
Insert into EJOBB.BB_FINAL_ACADEMIC (ACADEMIC_CODE,ACADEMIC_NAME) values ('A1','중졸');
Insert into EJOBB.BB_FINAL_ACADEMIC (ACADEMIC_CODE,ACADEMIC_NAME) values ('A2','고졸');
Insert into EJOBB.BB_FINAL_ACADEMIC (ACADEMIC_CODE,ACADEMIC_NAME) values ('A3','대졸');
Insert into EJOBB.BB_FINAL_ACADEMIC (ACADEMIC_CODE,ACADEMIC_NAME) values ('A4','석사');
REM INSERTING into EJOBB.BB_FINAL_ACADEMIC_ABILITY
SET DEFINE OFF;
Insert into EJOBB.BB_FINAL_ACADEMIC_ABILITY (ACADEMIC_ABILITY_NO,SCHOOL_NAME,SCHOOL_SUBJECT,GRADUATE_DATE,GRADUATE_STATUS,FINAL_GRADUATE_NAME,MEMBER_NO,ACADEMIC_CODE) values (1,'카이스트','컴퓨터공학과',to_date('17/03/23','RR/MM/DD'),'Y','대졸',1,'A3');
Insert into EJOBB.BB_FINAL_ACADEMIC_ABILITY (ACADEMIC_ABILITY_NO,SCHOOL_NAME,SCHOOL_SUBJECT,GRADUATE_DATE,GRADUATE_STATUS,FINAL_GRADUATE_NAME,MEMBER_NO,ACADEMIC_CODE) values (2,'고려대','컴퓨터공학과',to_date('15/03/23','RR/MM/DD'),'Y','대졸',2,'A3');
Insert into EJOBB.BB_FINAL_ACADEMIC_ABILITY (ACADEMIC_ABILITY_NO,SCHOOL_NAME,SCHOOL_SUBJECT,GRADUATE_DATE,GRADUATE_STATUS,FINAL_GRADUATE_NAME,MEMBER_NO,ACADEMIC_CODE) values (3,'연세대','컴퓨터공학과',to_date('17/03/23','RR/MM/DD'),'Y','대졸',3,'A3');
Insert into EJOBB.BB_FINAL_ACADEMIC_ABILITY (ACADEMIC_ABILITY_NO,SCHOOL_NAME,SCHOOL_SUBJECT,GRADUATE_DATE,GRADUATE_STATUS,FINAL_GRADUATE_NAME,MEMBER_NO,ACADEMIC_CODE) values (4,'서강대','컴퓨터공학과',to_date('19/03/23','RR/MM/DD'),'Y','대졸',4,'A3');
Insert into EJOBB.BB_FINAL_ACADEMIC_ABILITY (ACADEMIC_ABILITY_NO,SCHOOL_NAME,SCHOOL_SUBJECT,GRADUATE_DATE,GRADUATE_STATUS,FINAL_GRADUATE_NAME,MEMBER_NO,ACADEMIC_CODE) values (5,'경희대','컴퓨터공학과',to_date('13/03/23','RR/MM/DD'),'Y','대졸',5,'A3');
Insert into EJOBB.BB_FINAL_ACADEMIC_ABILITY (ACADEMIC_ABILITY_NO,SCHOOL_NAME,SCHOOL_SUBJECT,GRADUATE_DATE,GRADUATE_STATUS,FINAL_GRADUATE_NAME,MEMBER_NO,ACADEMIC_CODE) values (6,'국민대','컴퓨터공학과',to_date('15/03/23','RR/MM/DD'),'Y','대졸',6,'A3');
Insert into EJOBB.BB_FINAL_ACADEMIC_ABILITY (ACADEMIC_ABILITY_NO,SCHOOL_NAME,SCHOOL_SUBJECT,GRADUATE_DATE,GRADUATE_STATUS,FINAL_GRADUATE_NAME,MEMBER_NO,ACADEMIC_CODE) values (7,'중앙대','컴퓨터공학과',to_date('17/03/23','RR/MM/DD'),'Y','대졸',7,'A3');
Insert into EJOBB.BB_FINAL_ACADEMIC_ABILITY (ACADEMIC_ABILITY_NO,SCHOOL_NAME,SCHOOL_SUBJECT,GRADUATE_DATE,GRADUATE_STATUS,FINAL_GRADUATE_NAME,MEMBER_NO,ACADEMIC_CODE) values (8,'고려대','컴퓨터공학과',to_date('18/03/23','RR/MM/DD'),'Y','대졸',8,'A3');
Insert into EJOBB.BB_FINAL_ACADEMIC_ABILITY (ACADEMIC_ABILITY_NO,SCHOOL_NAME,SCHOOL_SUBJECT,GRADUATE_DATE,GRADUATE_STATUS,FINAL_GRADUATE_NAME,MEMBER_NO,ACADEMIC_CODE) values (9,'이화여대','컴퓨터공학과',to_date('19/03/23','RR/MM/DD'),'Y','대졸',10,'A3');
Insert into EJOBB.BB_FINAL_ACADEMIC_ABILITY (ACADEMIC_ABILITY_NO,SCHOOL_NAME,SCHOOL_SUBJECT,GRADUATE_DATE,GRADUATE_STATUS,FINAL_GRADUATE_NAME,MEMBER_NO,ACADEMIC_CODE) values (10,'성신여대','컴퓨터공학과',to_date('17/03/23','RR/MM/DD'),'Y','대졸',11,'A3');
Insert into EJOBB.BB_FINAL_ACADEMIC_ABILITY (ACADEMIC_ABILITY_NO,SCHOOL_NAME,SCHOOL_SUBJECT,GRADUATE_DATE,GRADUATE_STATUS,FINAL_GRADUATE_NAME,MEMBER_NO,ACADEMIC_CODE) values (11,'서울시립대','컴퓨터공학과',to_date('12/03/23','RR/MM/DD'),'Y','대졸',12,'A3');
Insert into EJOBB.BB_FINAL_ACADEMIC_ABILITY (ACADEMIC_ABILITY_NO,SCHOOL_NAME,SCHOOL_SUBJECT,GRADUATE_DATE,GRADUATE_STATUS,FINAL_GRADUATE_NAME,MEMBER_NO,ACADEMIC_CODE) values (12,'서강대','컴퓨터공학과',to_date('15/03/23','RR/MM/DD'),'Y','대졸',13,'A3');
Insert into EJOBB.BB_FINAL_ACADEMIC_ABILITY (ACADEMIC_ABILITY_NO,SCHOOL_NAME,SCHOOL_SUBJECT,GRADUATE_DATE,GRADUATE_STATUS,FINAL_GRADUATE_NAME,MEMBER_NO,ACADEMIC_CODE) values (13,'포항공대','컴퓨터공학과',to_date('01/03/22','RR/MM/DD'),'Y','대졸',14,'A3');
REM INSERTING into EJOBB.BB_FINAL_ACADEMIC_CODE
SET DEFINE OFF;
REM INSERTING into EJOBB.BB_FORM_VACATION
SET DEFINE OFF;
Insert into EJOBB.BB_FORM_VACATION (FORM_VACATION_NO,ANNUAL_TYPE,VACATION_START,VACATION_END,HALF_DAY_POINT,USED_ANNUAL_COUNT,USED_ANNUAL_REASON,PAYMENT_NO,MEMBER_NO) values (1,'연차',to_date('21/04/27','RR/MM/DD'),to_date('21/04/27','RR/MM/DD'),null,1,'연차사유 입력란',1004,3);
Insert into EJOBB.BB_FORM_VACATION (FORM_VACATION_NO,ANNUAL_TYPE,VACATION_START,VACATION_END,HALF_DAY_POINT,USED_ANNUAL_COUNT,USED_ANNUAL_REASON,PAYMENT_NO,MEMBER_NO) values (2,'연차',to_date('21/04/27','RR/MM/DD'),to_date('21/04/27','RR/MM/DD'),null,1,'연차사유 입력란',1004,1);
Insert into EJOBB.BB_FORM_VACATION (FORM_VACATION_NO,ANNUAL_TYPE,VACATION_START,VACATION_END,HALF_DAY_POINT,USED_ANNUAL_COUNT,USED_ANNUAL_REASON,PAYMENT_NO,MEMBER_NO) values (3,'연차',to_date('21/04/27','RR/MM/DD'),to_date('21/04/27','RR/MM/DD'),null,1,'연차사유 입력란',1004,2);
Insert into EJOBB.BB_FORM_VACATION (FORM_VACATION_NO,ANNUAL_TYPE,VACATION_START,VACATION_END,HALF_DAY_POINT,USED_ANNUAL_COUNT,USED_ANNUAL_REASON,PAYMENT_NO,MEMBER_NO) values (4,'연차',to_date('21/04/27','RR/MM/DD'),to_date('21/04/27','RR/MM/DD'),null,1,'연차사유 입력란',1004,3);
Insert into EJOBB.BB_FORM_VACATION (FORM_VACATION_NO,ANNUAL_TYPE,VACATION_START,VACATION_END,HALF_DAY_POINT,USED_ANNUAL_COUNT,USED_ANNUAL_REASON,PAYMENT_NO,MEMBER_NO) values (5,'연차',to_date('21/04/27','RR/MM/DD'),to_date('21/04/27','RR/MM/DD'),null,1,'연차사유 입력란',1004,4);
Insert into EJOBB.BB_FORM_VACATION (FORM_VACATION_NO,ANNUAL_TYPE,VACATION_START,VACATION_END,HALF_DAY_POINT,USED_ANNUAL_COUNT,USED_ANNUAL_REASON,PAYMENT_NO,MEMBER_NO) values (6,'연차',to_date('21/04/27','RR/MM/DD'),to_date('21/04/27','RR/MM/DD'),null,1,'연차사유 입력란',1004,5);
Insert into EJOBB.BB_FORM_VACATION (FORM_VACATION_NO,ANNUAL_TYPE,VACATION_START,VACATION_END,HALF_DAY_POINT,USED_ANNUAL_COUNT,USED_ANNUAL_REASON,PAYMENT_NO,MEMBER_NO) values (7,'연차',to_date('21/04/27','RR/MM/DD'),to_date('21/04/27','RR/MM/DD'),null,1,'연차사유 입력란',1004,6);
Insert into EJOBB.BB_FORM_VACATION (FORM_VACATION_NO,ANNUAL_TYPE,VACATION_START,VACATION_END,HALF_DAY_POINT,USED_ANNUAL_COUNT,USED_ANNUAL_REASON,PAYMENT_NO,MEMBER_NO) values (8,'연차',to_date('21/04/27','RR/MM/DD'),to_date('21/04/27','RR/MM/DD'),null,1,'연차사유 입력란',1004,7);
REM INSERTING into EJOBB.BB_HOLIDAY
SET DEFINE OFF;
Insert into EJOBB.BB_HOLIDAY (HOLIDAY_NO,START_DATE,END_DATE,HOLIDAY_REASON,HOLIDAY_TYPE,HOLIDAY_TERM,MEMBER_NO) values (1,to_date('21/04/22','RR/MM/DD'),to_date('21/04/23','RR/MM/DD'),'병가입니다','병가',1,1);
Insert into EJOBB.BB_HOLIDAY (HOLIDAY_NO,START_DATE,END_DATE,HOLIDAY_REASON,HOLIDAY_TYPE,HOLIDAY_TERM,MEMBER_NO) values (2,to_date('21/04/22','RR/MM/DD'),to_date('21/04/26','RR/MM/DD'),'연차입니다','연차',4,2);
Insert into EJOBB.BB_HOLIDAY (HOLIDAY_NO,START_DATE,END_DATE,HOLIDAY_REASON,HOLIDAY_TYPE,HOLIDAY_TERM,MEMBER_NO) values (3,to_date('21/04/22','RR/MM/DD'),to_date('21/04/26','RR/MM/DD'),'연차입니다','반차',0,2);
Insert into EJOBB.BB_HOLIDAY (HOLIDAY_NO,START_DATE,END_DATE,HOLIDAY_REASON,HOLIDAY_TYPE,HOLIDAY_TERM,MEMBER_NO) values (4,to_date('21/03/22','RR/MM/DD'),to_date('21/03/29','RR/MM/DD'),'반차입니다','반차',7,3);
REM INSERTING into EJOBB.BB_LICENSE
SET DEFINE OFF;
Insert into EJOBB.BB_LICENSE (LICENSE_NO,LICENSE_DATE,MEMBER_NO,LICENSE_CODE_CODE) values (1,to_date('20/08/12','RR/MM/DD'),1,'G1');
Insert into EJOBB.BB_LICENSE (LICENSE_NO,LICENSE_DATE,MEMBER_NO,LICENSE_CODE_CODE) values (2,to_date('19/04/01','RR/MM/DD'),2,'H1');
Insert into EJOBB.BB_LICENSE (LICENSE_NO,LICENSE_DATE,MEMBER_NO,LICENSE_CODE_CODE) values (3,to_date('21/04/27','RR/MM/DD'),3,'J1');
Insert into EJOBB.BB_LICENSE (LICENSE_NO,LICENSE_DATE,MEMBER_NO,LICENSE_CODE_CODE) values (4,to_date('17/08/23','RR/MM/DD'),4,'J1');
Insert into EJOBB.BB_LICENSE (LICENSE_NO,LICENSE_DATE,MEMBER_NO,LICENSE_CODE_CODE) values (5,to_date('19/05/23','RR/MM/DD'),5,'K1');
Insert into EJOBB.BB_LICENSE (LICENSE_NO,LICENSE_DATE,MEMBER_NO,LICENSE_CODE_CODE) values (6,to_date('20/11/04','RR/MM/DD'),6,'K2');
Insert into EJOBB.BB_LICENSE (LICENSE_NO,LICENSE_DATE,MEMBER_NO,LICENSE_CODE_CODE) values (7,to_date('17/02/26','RR/MM/DD'),7,'J1');
Insert into EJOBB.BB_LICENSE (LICENSE_NO,LICENSE_DATE,MEMBER_NO,LICENSE_CODE_CODE) values (8,to_date('17/02/26','RR/MM/DD'),8,'G1');
Insert into EJOBB.BB_LICENSE (LICENSE_NO,LICENSE_DATE,MEMBER_NO,LICENSE_CODE_CODE) values (9,to_date('20/12/26','RR/MM/DD'),9,'G1');
Insert into EJOBB.BB_LICENSE (LICENSE_NO,LICENSE_DATE,MEMBER_NO,LICENSE_CODE_CODE) values (10,to_date('20/11/21','RR/MM/DD'),10,'G1');
Insert into EJOBB.BB_LICENSE (LICENSE_NO,LICENSE_DATE,MEMBER_NO,LICENSE_CODE_CODE) values (11,to_date('20/08/12','RR/MM/DD'),11,'G1');
Insert into EJOBB.BB_LICENSE (LICENSE_NO,LICENSE_DATE,MEMBER_NO,LICENSE_CODE_CODE) values (12,to_date('20/01/12','RR/MM/DD'),12,'G1');
Insert into EJOBB.BB_LICENSE (LICENSE_NO,LICENSE_DATE,MEMBER_NO,LICENSE_CODE_CODE) values (13,to_date('20/10/11','RR/MM/DD'),13,'G1');
Insert into EJOBB.BB_LICENSE (LICENSE_NO,LICENSE_DATE,MEMBER_NO,LICENSE_CODE_CODE) values (14,to_date('01/03/11','RR/MM/DD'),14,'H1');
REM INSERTING into EJOBB.BB_LICENSE_CODE
SET DEFINE OFF;
Insert into EJOBB.BB_LICENSE_CODE (LICENSE_CODE_CODE,LICENSE_CODE_NAME) values ('G1','정보처리기사');
Insert into EJOBB.BB_LICENSE_CODE (LICENSE_CODE_CODE,LICENSE_CODE_NAME) values ('H1','정보처리산업기사');
Insert into EJOBB.BB_LICENSE_CODE (LICENSE_CODE_CODE,LICENSE_CODE_NAME) values ('J1','건축기사');
Insert into EJOBB.BB_LICENSE_CODE (LICENSE_CODE_CODE,LICENSE_CODE_NAME) values ('K1','무역영어');
Insert into EJOBB.BB_LICENSE_CODE (LICENSE_CODE_CODE,LICENSE_CODE_NAME) values ('K2','국제무역사');
REM INSERTING into EJOBB.BB_LINE_CODE
SET DEFINE OFF;
REM INSERTING into EJOBB.BB_LINE_MEM
SET DEFINE OFF;
Insert into EJOBB.BB_LINE_MEM (LINE_NO,DRAFTING_NO,LINE_PROCESS,LINE_BODY,LINE_PKINDS,LINE_THUMBNAIL,LINE_KINDS,DEPT_CODE,SPOT_CODE) values (1,1,to_date('21/03/05','RR/MM/DD'),'결재요청 부탁드립니다~ 빨리 해주세요~','대기',null,'근무','A1','R5');
Insert into EJOBB.BB_LINE_MEM (LINE_NO,DRAFTING_NO,LINE_PROCESS,LINE_BODY,LINE_PKINDS,LINE_THUMBNAIL,LINE_KINDS,DEPT_CODE,SPOT_CODE) values (2,2,to_date('21/03/12','RR/MM/DD'),'5월엔 열심히 휴식을 취하는 중?? 취준해야지 휴식은 무슨.','대기',null,'휴가','A1','R5');
REM INSERTING into EJOBB.BB_MEMBER
SET DEFINE OFF;
Insert into EJOBB.BB_MEMBER (MEMBER_NO,MEMBER_NAME,MEMBER_PWD,EMAIL,PHONE) values (1,'최지환','$2a$10$ZmOcHsAP3/Ehvpm6gmtU5Okfgy3YmFFfRsrBSMBOR/VrU80jrDk9C','CJH@naver.com','010-1233-5678');
Insert into EJOBB.BB_MEMBER (MEMBER_NO,MEMBER_NAME,MEMBER_PWD,EMAIL,PHONE) values (2,'송남규','$2a$10$ZmOcHsAP3/Ehvpm6gmtU5Okfgy3YmFFfRsrBSMBOR/VrU80jrDk9C','admin','010-1234-5688');
Insert into EJOBB.BB_MEMBER (MEMBER_NO,MEMBER_NAME,MEMBER_PWD,EMAIL,PHONE) values (3,'한지훈','$2a$10$ZmOcHsAP3/Ehvpm6gmtU5Okfgy3YmFFfRsrBSMBOR/VrU80jrDk9C','master','010-3234-5678');
Insert into EJOBB.BB_MEMBER (MEMBER_NO,MEMBER_NAME,MEMBER_PWD,EMAIL,PHONE) values (4,'이유진','$2a$10$ZmOcHsAP3/Ehvpm6gmtU5Okfgy3YmFFfRsrBSMBOR/VrU80jrDk9C','LYJ@naver.com','010-1634-5678');
Insert into EJOBB.BB_MEMBER (MEMBER_NO,MEMBER_NAME,MEMBER_PWD,EMAIL,PHONE) values (5,'김태헌','$2a$10$ZmOcHsAP3/Ehvpm6gmtU5Okfgy3YmFFfRsrBSMBOR/VrU80jrDk9C','KTH@naver.com','010-1234-5679');
Insert into EJOBB.BB_MEMBER (MEMBER_NO,MEMBER_NAME,MEMBER_PWD,EMAIL,PHONE) values (6,'신승록','$2a$10$ZmOcHsAP3/Ehvpm6gmtU5Okfgy3YmFFfRsrBSMBOR/VrU80jrDk9C','SSR@naver.com','010-1234-4678');
Insert into EJOBB.BB_MEMBER (MEMBER_NO,MEMBER_NAME,MEMBER_PWD,EMAIL,PHONE) values (7,'최희상','$2a$10$ZmOcHsAP3/Ehvpm6gmtU5Okfgy3YmFFfRsrBSMBOR/VrU80jrDk9C','CHS@naver.com','010-1334-5678');
Insert into EJOBB.BB_MEMBER (MEMBER_NO,MEMBER_NAME,MEMBER_PWD,EMAIL,PHONE) values (8,'정민서','$2a$10$ZmOcHsAP3/Ehvpm6gmtU5Okfgy3YmFFfRsrBSMBOR/VrU80jrDk9C','JMS@naver.com','010-1634-5678');
Insert into EJOBB.BB_MEMBER (MEMBER_NO,MEMBER_NAME,MEMBER_PWD,EMAIL,PHONE) values (9,'임완규','$2a$10$ZmOcHsAP3/Ehvpm6gmtU5Okfgy3YmFFfRsrBSMBOR/VrU80jrDk9C','LWK@naver.com','010-1334-5378');
Insert into EJOBB.BB_MEMBER (MEMBER_NO,MEMBER_NAME,MEMBER_PWD,EMAIL,PHONE) values (10,'한미화','$2a$10$ZmOcHsAP3/Ehvpm6gmtU5Okfgy3YmFFfRsrBSMBOR/VrU80jrDk9C','HMH@naver.com','010-8334-5678');
Insert into EJOBB.BB_MEMBER (MEMBER_NO,MEMBER_NAME,MEMBER_PWD,EMAIL,PHONE) values (11,'이남경','$2a$10$ZmOcHsAP3/Ehvpm6gmtU5Okfgy3YmFFfRsrBSMBOR/VrU80jrDk9C','LNK@naver.com','010-1339-5678');
Insert into EJOBB.BB_MEMBER (MEMBER_NO,MEMBER_NAME,MEMBER_PWD,EMAIL,PHONE) values (12,'추지훈','$2a$10$ZmOcHsAP3/Ehvpm6gmtU5Okfgy3YmFFfRsrBSMBOR/VrU80jrDk9C','CJH@naver.com','010-7734-5678');
Insert into EJOBB.BB_MEMBER (MEMBER_NO,MEMBER_NAME,MEMBER_PWD,EMAIL,PHONE) values (13,'김민기','$2a$10$ZmOcHsAP3/Ehvpm6gmtU5Okfgy3YmFFfRsrBSMBOR/VrU80jrDk9C','KMK@naver.com','010-1324-2378');
Insert into EJOBB.BB_MEMBER (MEMBER_NO,MEMBER_NAME,MEMBER_PWD,EMAIL,PHONE) values (14,'김진호','$2a$10$ZmOcHsAP3/Ehvpm6gmtU5Okfgy3YmFFfRsrBSMBOR/VrU80jrDk9C','captain','010-9334-5678');
Insert into EJOBB.BB_MEMBER (MEMBER_NO,MEMBER_NAME,MEMBER_PWD,EMAIL,PHONE) values (15,'차승록','$2a$10$e1F6K4hgKGluKw8sFH45B.6Vlc7lCZCBnh1OiWSLEXAuFXrnY3inW','tlstmdfhr03',null);
REM INSERTING into EJOBB.BB_MEMBERPHOTO
SET DEFINE OFF;
REM INSERTING into EJOBB.BB_MEMBER_INFO
SET DEFINE OFF;
Insert into EJOBB.BB_MEMBER_INFO (MEMBER_INFO_NO,MEMBER_ADDRESS,MEMBER_ACCOUNT_NO,MEMBER_ACCOUNT_BANK,ACCOUNT_HOST,MEMBER_FILEATTACHMENT,ENROLL_DATE,MEMBER_WORK_CONTRACT,MEMBER_NO) values (1,'서울시관악구인헌동','123456-78-987654','국민','최지환',null,to_date('10/01/02','RR/MM/DD'),null,1);
Insert into EJOBB.BB_MEMBER_INFO (MEMBER_INFO_NO,MEMBER_ADDRESS,MEMBER_ACCOUNT_NO,MEMBER_ACCOUNT_BANK,ACCOUNT_HOST,MEMBER_FILEATTACHMENT,ENROLL_DATE,MEMBER_WORK_CONTRACT,MEMBER_NO) values (2,'서울시관악구낙성대동','213456-78-987654','국민','송남규',null,to_date('10/01/03','RR/MM/DD'),null,2);
Insert into EJOBB.BB_MEMBER_INFO (MEMBER_INFO_NO,MEMBER_ADDRESS,MEMBER_ACCOUNT_NO,MEMBER_ACCOUNT_BANK,ACCOUNT_HOST,MEMBER_FILEATTACHMENT,ENROLL_DATE,MEMBER_WORK_CONTRACT,MEMBER_NO) values (3,'경기도 평택시','113456-78-987654','국민','한지훈',null,to_date('10/01/04','RR/MM/DD'),null,3);
Insert into EJOBB.BB_MEMBER_INFO (MEMBER_INFO_NO,MEMBER_ADDRESS,MEMBER_ACCOUNT_NO,MEMBER_ACCOUNT_BANK,ACCOUNT_HOST,MEMBER_FILEATTACHMENT,ENROLL_DATE,MEMBER_WORK_CONTRACT,MEMBER_NO) values (4,'서울시관악구행운동','323346-78-987654','국민','김태헌',null,to_date('19/01/02','RR/MM/DD'),null,5);
Insert into EJOBB.BB_MEMBER_INFO (MEMBER_INFO_NO,MEMBER_ADDRESS,MEMBER_ACCOUNT_NO,MEMBER_ACCOUNT_BANK,ACCOUNT_HOST,MEMBER_FILEATTACHMENT,ENROLL_DATE,MEMBER_WORK_CONTRACT,MEMBER_NO) values (5,'서울시 서초구 사당동','333477-88-987654','국민','이유진',null,to_date('21/01/02','RR/MM/DD'),null,4);
Insert into EJOBB.BB_MEMBER_INFO (MEMBER_INFO_NO,MEMBER_ADDRESS,MEMBER_ACCOUNT_NO,MEMBER_ACCOUNT_BANK,ACCOUNT_HOST,MEMBER_FILEATTACHMENT,ENROLL_DATE,MEMBER_WORK_CONTRACT,MEMBER_NO) values (6,'경기도 분당','321456-78-987654','국민','신승록',null,to_date('21/01/04','RR/MM/DD'),null,6);
Insert into EJOBB.BB_MEMBER_INFO (MEMBER_INFO_NO,MEMBER_ADDRESS,MEMBER_ACCOUNT_NO,MEMBER_ACCOUNT_BANK,ACCOUNT_HOST,MEMBER_FILEATTACHMENT,ENROLL_DATE,MEMBER_WORK_CONTRACT,MEMBER_NO) values (7,'서울시강남구잠원동','432456-78-987654','국민','최희상',null,to_date('10/01/02','RR/MM/DD'),null,7);
Insert into EJOBB.BB_MEMBER_INFO (MEMBER_INFO_NO,MEMBER_ADDRESS,MEMBER_ACCOUNT_NO,MEMBER_ACCOUNT_BANK,ACCOUNT_HOST,MEMBER_FILEATTACHMENT,ENROLL_DATE,MEMBER_WORK_CONTRACT,MEMBER_NO) values (8,'서울시노원구월계동','153156-78-927654','우리','정민서',null,to_date('12/05/02','RR/MM/DD'),null,8);
Insert into EJOBB.BB_MEMBER_INFO (MEMBER_INFO_NO,MEMBER_ADDRESS,MEMBER_ACCOUNT_NO,MEMBER_ACCOUNT_BANK,ACCOUNT_HOST,MEMBER_FILEATTACHMENT,ENROLL_DATE,MEMBER_WORK_CONTRACT,MEMBER_NO) values (9,'서울시관악구봉천동','785456-38-987654','신한','임완규',null,to_date('15/08/02','RR/MM/DD'),null,9);
Insert into EJOBB.BB_MEMBER_INFO (MEMBER_INFO_NO,MEMBER_ADDRESS,MEMBER_ACCOUNT_NO,MEMBER_ACCOUNT_BANK,ACCOUNT_HOST,MEMBER_FILEATTACHMENT,ENROLL_DATE,MEMBER_WORK_CONTRACT,MEMBER_NO) values (10,'서울시강남구압구정동','682156-78-917654','우리','한미화',null,to_date('09/05/12','RR/MM/DD'),null,10);
Insert into EJOBB.BB_MEMBER_INFO (MEMBER_INFO_NO,MEMBER_ADDRESS,MEMBER_ACCOUNT_NO,MEMBER_ACCOUNT_BANK,ACCOUNT_HOST,MEMBER_FILEATTACHMENT,ENROLL_DATE,MEMBER_WORK_CONTRACT,MEMBER_NO) values (11,'경기도광주시남한산성면','166456-78-987654','국민','이남경',null,to_date('20/02/12','RR/MM/DD'),null,11);
Insert into EJOBB.BB_MEMBER_INFO (MEMBER_INFO_NO,MEMBER_ADDRESS,MEMBER_ACCOUNT_NO,MEMBER_ACCOUNT_BANK,ACCOUNT_HOST,MEMBER_FILEATTACHMENT,ENROLL_DATE,MEMBER_WORK_CONTRACT,MEMBER_NO) values (12,'서울시광진구화양동','755426-24-982654','농협','추지훈',null,to_date('18/05/23','RR/MM/DD'),null,12);
Insert into EJOBB.BB_MEMBER_INFO (MEMBER_INFO_NO,MEMBER_ADDRESS,MEMBER_ACCOUNT_NO,MEMBER_ACCOUNT_BANK,ACCOUNT_HOST,MEMBER_FILEATTACHMENT,ENROLL_DATE,MEMBER_WORK_CONTRACT,MEMBER_NO) values (13,'경기도수원시장안구정자동','744256-78-987654','농협','김민기',null,to_date('19/04/24','RR/MM/DD'),null,13);
Insert into EJOBB.BB_MEMBER_INFO (MEMBER_INFO_NO,MEMBER_ADDRESS,MEMBER_ACCOUNT_NO,MEMBER_ACCOUNT_BANK,ACCOUNT_HOST,MEMBER_FILEATTACHMENT,ENROLL_DATE,MEMBER_WORK_CONTRACT,MEMBER_NO) values (14,'경기도남양주시별내동','506126-78-987654','국민','김진호',null,to_date('14/08/02','RR/MM/DD'),null,14);
REM INSERTING into EJOBB.BB_MODIFY_BONUS
SET DEFINE OFF;
REM INSERTING into EJOBB.BB_MODIFY_DEPT
SET DEFINE OFF;
Insert into EJOBB.BB_MODIFY_DEPT (MODIFY_DEPT_NO,MODIFY_DEPT_DATE,DEPT_CODE,MEMBER_NO) values (1,to_date('20/03/27','RR/MM/DD'),'D1',1);
Insert into EJOBB.BB_MODIFY_DEPT (MODIFY_DEPT_NO,MODIFY_DEPT_DATE,DEPT_CODE,MEMBER_NO) values (2,to_date('18/05/23','RR/MM/DD'),'D2',2);
Insert into EJOBB.BB_MODIFY_DEPT (MODIFY_DEPT_NO,MODIFY_DEPT_DATE,DEPT_CODE,MEMBER_NO) values (3,to_date('19/07/25','RR/MM/DD'),'A1',3);
Insert into EJOBB.BB_MODIFY_DEPT (MODIFY_DEPT_NO,MODIFY_DEPT_DATE,DEPT_CODE,MEMBER_NO) values (4,to_date('16/06/07','RR/MM/DD'),'A2',4);
Insert into EJOBB.BB_MODIFY_DEPT (MODIFY_DEPT_NO,MODIFY_DEPT_DATE,DEPT_CODE,MEMBER_NO) values (5,to_date('17/12/15','RR/MM/DD'),'C1',5);
Insert into EJOBB.BB_MODIFY_DEPT (MODIFY_DEPT_NO,MODIFY_DEPT_DATE,DEPT_CODE,MEMBER_NO) values (6,to_date('18/01/23','RR/MM/DD'),'C2',6);
Insert into EJOBB.BB_MODIFY_DEPT (MODIFY_DEPT_NO,MODIFY_DEPT_DATE,DEPT_CODE,MEMBER_NO) values (7,to_date('19/07/01','RR/MM/DD'),'C2',7);
Insert into EJOBB.BB_MODIFY_DEPT (MODIFY_DEPT_NO,MODIFY_DEPT_DATE,DEPT_CODE,MEMBER_NO) values (8,to_date('18/05/05','RR/MM/DD'),'C2',8);
Insert into EJOBB.BB_MODIFY_DEPT (MODIFY_DEPT_NO,MODIFY_DEPT_DATE,DEPT_CODE,MEMBER_NO) values (9,to_date('17/07/01','RR/MM/DD'),'D2',9);
Insert into EJOBB.BB_MODIFY_DEPT (MODIFY_DEPT_NO,MODIFY_DEPT_DATE,DEPT_CODE,MEMBER_NO) values (10,to_date('16/09/23','RR/MM/DD'),'B2',10);
Insert into EJOBB.BB_MODIFY_DEPT (MODIFY_DEPT_NO,MODIFY_DEPT_DATE,DEPT_CODE,MEMBER_NO) values (11,to_date('20/02/15','RR/MM/DD'),'C2',11);
Insert into EJOBB.BB_MODIFY_DEPT (MODIFY_DEPT_NO,MODIFY_DEPT_DATE,DEPT_CODE,MEMBER_NO) values (12,to_date('15/09/23','RR/MM/DD'),'A2',12);
Insert into EJOBB.BB_MODIFY_DEPT (MODIFY_DEPT_NO,MODIFY_DEPT_DATE,DEPT_CODE,MEMBER_NO) values (13,to_date('17/03/01','RR/MM/DD'),'A2',13);
Insert into EJOBB.BB_MODIFY_DEPT (MODIFY_DEPT_NO,MODIFY_DEPT_DATE,DEPT_CODE,MEMBER_NO) values (14,to_date('98/11/05','RR/MM/DD'),'D1',14);
Insert into EJOBB.BB_MODIFY_DEPT (MODIFY_DEPT_NO,MODIFY_DEPT_DATE,DEPT_CODE,MEMBER_NO) values (15,to_date('21/04/28','RR/MM/DD'),'E1',1);
Insert into EJOBB.BB_MODIFY_DEPT (MODIFY_DEPT_NO,MODIFY_DEPT_DATE,DEPT_CODE,MEMBER_NO) values (16,to_date('21/04/27','RR/MM/DD'),'D1',2);
Insert into EJOBB.BB_MODIFY_DEPT (MODIFY_DEPT_NO,MODIFY_DEPT_DATE,DEPT_CODE,MEMBER_NO) values (17,to_date('21/04/26','RR/MM/DD'),'D2',3);
Insert into EJOBB.BB_MODIFY_DEPT (MODIFY_DEPT_NO,MODIFY_DEPT_DATE,DEPT_CODE,MEMBER_NO) values (18,to_date('21/04/27','RR/MM/DD'),'C1',4);
Insert into EJOBB.BB_MODIFY_DEPT (MODIFY_DEPT_NO,MODIFY_DEPT_DATE,DEPT_CODE,MEMBER_NO) values (19,to_date('21/04/28','RR/MM/DD'),'C2',5);
Insert into EJOBB.BB_MODIFY_DEPT (MODIFY_DEPT_NO,MODIFY_DEPT_DATE,DEPT_CODE,MEMBER_NO) values (20,to_date('21/04/27','RR/MM/DD'),'B2',6);
Insert into EJOBB.BB_MODIFY_DEPT (MODIFY_DEPT_NO,MODIFY_DEPT_DATE,DEPT_CODE,MEMBER_NO) values (21,to_date('21/04/26','RR/MM/DD'),'B2',7);
Insert into EJOBB.BB_MODIFY_DEPT (MODIFY_DEPT_NO,MODIFY_DEPT_DATE,DEPT_CODE,MEMBER_NO) values (22,to_date('21/04/27','RR/MM/DD'),'A1',8);
Insert into EJOBB.BB_MODIFY_DEPT (MODIFY_DEPT_NO,MODIFY_DEPT_DATE,DEPT_CODE,MEMBER_NO) values (23,to_date('21/04/28','RR/MM/DD'),'D2',9);
Insert into EJOBB.BB_MODIFY_DEPT (MODIFY_DEPT_NO,MODIFY_DEPT_DATE,DEPT_CODE,MEMBER_NO) values (24,to_date('21/04/27','RR/MM/DD'),'D1',10);
Insert into EJOBB.BB_MODIFY_DEPT (MODIFY_DEPT_NO,MODIFY_DEPT_DATE,DEPT_CODE,MEMBER_NO) values (25,to_date('21/04/26','RR/MM/DD'),'D2',11);
Insert into EJOBB.BB_MODIFY_DEPT (MODIFY_DEPT_NO,MODIFY_DEPT_DATE,DEPT_CODE,MEMBER_NO) values (26,to_date('21/04/27','RR/MM/DD'),'A2',12);
Insert into EJOBB.BB_MODIFY_DEPT (MODIFY_DEPT_NO,MODIFY_DEPT_DATE,DEPT_CODE,MEMBER_NO) values (27,to_date('21/04/28','RR/MM/DD'),'A1',13);
Insert into EJOBB.BB_MODIFY_DEPT (MODIFY_DEPT_NO,MODIFY_DEPT_DATE,DEPT_CODE,MEMBER_NO) values (28,to_date('21/04/28','RR/MM/DD'),'D1',14);
REM INSERTING into EJOBB.BB_MODIFY_DRAFTING
SET DEFINE OFF;
REM INSERTING into EJOBB.BB_MODIFY_LINE
SET DEFINE OFF;
REM INSERTING into EJOBB.BB_MODIFY_MEMBER_INFO
SET DEFINE OFF;
REM INSERTING into EJOBB.BB_MODIFY_PAYMENT_FORM
SET DEFINE OFF;
REM INSERTING into EJOBB.BB_MODIFY_SPOT
SET DEFINE OFF;
Insert into EJOBB.BB_MODIFY_SPOT (MODIFY_SPOT_NO,MODIFY_SPOT_DATE,SPOT_CODE,MEMBER_NO) values (1,to_date('20/04/28','RR/MM/DD'),'R5',1);
Insert into EJOBB.BB_MODIFY_SPOT (MODIFY_SPOT_NO,MODIFY_SPOT_DATE,SPOT_CODE,MEMBER_NO) values (2,to_date('19/04/28','RR/MM/DD'),'R4',2);
Insert into EJOBB.BB_MODIFY_SPOT (MODIFY_SPOT_NO,MODIFY_SPOT_DATE,SPOT_CODE,MEMBER_NO) values (3,to_date('18/11/05','RR/MM/DD'),'R1',3);
Insert into EJOBB.BB_MODIFY_SPOT (MODIFY_SPOT_NO,MODIFY_SPOT_DATE,SPOT_CODE,MEMBER_NO) values (4,to_date('19/04/28','RR/MM/DD'),'R2',4);
Insert into EJOBB.BB_MODIFY_SPOT (MODIFY_SPOT_NO,MODIFY_SPOT_DATE,SPOT_CODE,MEMBER_NO) values (5,to_date('17/04/28','RR/MM/DD'),'R4',5);
Insert into EJOBB.BB_MODIFY_SPOT (MODIFY_SPOT_NO,MODIFY_SPOT_DATE,SPOT_CODE,MEMBER_NO) values (6,to_date('18/04/28','RR/MM/DD'),'R1',6);
Insert into EJOBB.BB_MODIFY_SPOT (MODIFY_SPOT_NO,MODIFY_SPOT_DATE,SPOT_CODE,MEMBER_NO) values (7,to_date('19/04/28','RR/MM/DD'),'R4',7);
Insert into EJOBB.BB_MODIFY_SPOT (MODIFY_SPOT_NO,MODIFY_SPOT_DATE,SPOT_CODE,MEMBER_NO) values (8,to_date('20/12/25','RR/MM/DD'),'R2',3);
Insert into EJOBB.BB_MODIFY_SPOT (MODIFY_SPOT_NO,MODIFY_SPOT_DATE,SPOT_CODE,MEMBER_NO) values (9,to_date('21/04/28','RR/MM/DD'),'R3',3);
Insert into EJOBB.BB_MODIFY_SPOT (MODIFY_SPOT_NO,MODIFY_SPOT_DATE,SPOT_CODE,MEMBER_NO) values (10,to_date('21/07/01','RR/MM/DD'),'R4',3);
Insert into EJOBB.BB_MODIFY_SPOT (MODIFY_SPOT_NO,MODIFY_SPOT_DATE,SPOT_CODE,MEMBER_NO) values (11,to_date('25/11/11','RR/MM/DD'),'R5',3);
Insert into EJOBB.BB_MODIFY_SPOT (MODIFY_SPOT_NO,MODIFY_SPOT_DATE,SPOT_CODE,MEMBER_NO) values (12,to_date('21/11/11','RR/MM/DD'),'R4',8);
Insert into EJOBB.BB_MODIFY_SPOT (MODIFY_SPOT_NO,MODIFY_SPOT_DATE,SPOT_CODE,MEMBER_NO) values (13,to_date('20/05/12','RR/MM/DD'),'R3',9);
Insert into EJOBB.BB_MODIFY_SPOT (MODIFY_SPOT_NO,MODIFY_SPOT_DATE,SPOT_CODE,MEMBER_NO) values (14,to_date('19/03/03','RR/MM/DD'),'R3',10);
Insert into EJOBB.BB_MODIFY_SPOT (MODIFY_SPOT_NO,MODIFY_SPOT_DATE,SPOT_CODE,MEMBER_NO) values (15,to_date('19/04/23','RR/MM/DD'),'R2',11);
Insert into EJOBB.BB_MODIFY_SPOT (MODIFY_SPOT_NO,MODIFY_SPOT_DATE,SPOT_CODE,MEMBER_NO) values (16,to_date('21/04/28','RR/MM/DD'),'R2',12);
Insert into EJOBB.BB_MODIFY_SPOT (MODIFY_SPOT_NO,MODIFY_SPOT_DATE,SPOT_CODE,MEMBER_NO) values (17,to_date('20/03/05','RR/MM/DD'),'R3',13);
Insert into EJOBB.BB_MODIFY_SPOT (MODIFY_SPOT_NO,MODIFY_SPOT_DATE,SPOT_CODE,MEMBER_NO) values (18,to_date('21/04/28','RR/MM/DD'),'R5',14);
REM INSERTING into EJOBB.BB_MODIFY_WORK_STATUS
SET DEFINE OFF;
Insert into EJOBB.BB_MODIFY_WORK_STATUS (MODIFY_NO,WORKSTATUS_NO,MODIFY_DATE,MODIFY_COMMUTE,MODIFY_LEAVE_WORK,MODIFY_REASON) values (1,1,to_date('21/04/14','RR/MM/DD'),to_date('21/04/15','RR/MM/DD'),to_date('21/04/15','RR/MM/DD'),'조퇴');
Insert into EJOBB.BB_MODIFY_WORK_STATUS (MODIFY_NO,WORKSTATUS_NO,MODIFY_DATE,MODIFY_COMMUTE,MODIFY_LEAVE_WORK,MODIFY_REASON) values (2,2,to_date('21/04/05','RR/MM/DD'),to_date('21/04/06','RR/MM/DD'),to_date('21/04/07','RR/MM/DD'),'출장');
Insert into EJOBB.BB_MODIFY_WORK_STATUS (MODIFY_NO,WORKSTATUS_NO,MODIFY_DATE,MODIFY_COMMUTE,MODIFY_LEAVE_WORK,MODIFY_REASON) values (3,3,to_date('21/03/14','RR/MM/DD'),to_date('21/03/15','RR/MM/DD'),to_date('21/03/15','RR/MM/DD'),'업무');
Insert into EJOBB.BB_MODIFY_WORK_STATUS (MODIFY_NO,WORKSTATUS_NO,MODIFY_DATE,MODIFY_COMMUTE,MODIFY_LEAVE_WORK,MODIFY_REASON) values (4,4,to_date('21/04/28','RR/MM/DD'),to_date('21/04/27','RR/MM/DD'),to_date('21/04/27','RR/MM/DD'),'조퇴');
Insert into EJOBB.BB_MODIFY_WORK_STATUS (MODIFY_NO,WORKSTATUS_NO,MODIFY_DATE,MODIFY_COMMUTE,MODIFY_LEAVE_WORK,MODIFY_REASON) values (5,5,to_date('21/04/03','RR/MM/DD'),to_date('21/04/03','RR/MM/DD'),to_date('21/04/03','RR/MM/DD'),'업무');
Insert into EJOBB.BB_MODIFY_WORK_STATUS (MODIFY_NO,WORKSTATUS_NO,MODIFY_DATE,MODIFY_COMMUTE,MODIFY_LEAVE_WORK,MODIFY_REASON) values (6,6,to_date('21/02/20','RR/MM/DD'),to_date('21/02/21','RR/MM/DD'),to_date('21/02/25','RR/MM/DD'),'출장');
Insert into EJOBB.BB_MODIFY_WORK_STATUS (MODIFY_NO,WORKSTATUS_NO,MODIFY_DATE,MODIFY_COMMUTE,MODIFY_LEAVE_WORK,MODIFY_REASON) values (7,7,to_date('21/01/22','RR/MM/DD'),to_date('21/01/23','RR/MM/DD'),to_date('21/01/23','RR/MM/DD'),'조퇴');
Insert into EJOBB.BB_MODIFY_WORK_STATUS (MODIFY_NO,WORKSTATUS_NO,MODIFY_DATE,MODIFY_COMMUTE,MODIFY_LEAVE_WORK,MODIFY_REASON) values (8,8,to_date('21/02/20','RR/MM/DD'),to_date('21/02/21','RR/MM/DD'),to_date('21/02/25','RR/MM/DD'),'출장');
Insert into EJOBB.BB_MODIFY_WORK_STATUS (MODIFY_NO,WORKSTATUS_NO,MODIFY_DATE,MODIFY_COMMUTE,MODIFY_LEAVE_WORK,MODIFY_REASON) values (9,9,to_date('21/02/20','RR/MM/DD'),to_date('21/02/21','RR/MM/DD'),to_date('21/02/25','RR/MM/DD'),'업무');
Insert into EJOBB.BB_MODIFY_WORK_STATUS (MODIFY_NO,WORKSTATUS_NO,MODIFY_DATE,MODIFY_COMMUTE,MODIFY_LEAVE_WORK,MODIFY_REASON) values (10,10,to_date('21/02/20','RR/MM/DD'),to_date('21/02/21','RR/MM/DD'),to_date('21/02/25','RR/MM/DD'),'조퇴');
Insert into EJOBB.BB_MODIFY_WORK_STATUS (MODIFY_NO,WORKSTATUS_NO,MODIFY_DATE,MODIFY_COMMUTE,MODIFY_LEAVE_WORK,MODIFY_REASON) values (11,11,to_date('21/02/20','RR/MM/DD'),to_date('21/02/21','RR/MM/DD'),to_date('21/02/25','RR/MM/DD'),'업무');
Insert into EJOBB.BB_MODIFY_WORK_STATUS (MODIFY_NO,WORKSTATUS_NO,MODIFY_DATE,MODIFY_COMMUTE,MODIFY_LEAVE_WORK,MODIFY_REASON) values (12,12,to_date('21/02/20','RR/MM/DD'),to_date('21/02/21','RR/MM/DD'),to_date('21/02/25','RR/MM/DD'),'업무');
Insert into EJOBB.BB_MODIFY_WORK_STATUS (MODIFY_NO,WORKSTATUS_NO,MODIFY_DATE,MODIFY_COMMUTE,MODIFY_LEAVE_WORK,MODIFY_REASON) values (13,13,to_date('21/02/20','RR/MM/DD'),to_date('21/02/21','RR/MM/DD'),to_date('21/02/25','RR/MM/DD'),'조퇴');
Insert into EJOBB.BB_MODIFY_WORK_STATUS (MODIFY_NO,WORKSTATUS_NO,MODIFY_DATE,MODIFY_COMMUTE,MODIFY_LEAVE_WORK,MODIFY_REASON) values (14,14,to_date('21/02/20','RR/MM/DD'),to_date('21/02/21','RR/MM/DD'),to_date('21/02/25','RR/MM/DD'),'출장');
REM INSERTING into EJOBB.BB_PAYMENT_FORM
SET DEFINE OFF;
Insert into EJOBB.BB_PAYMENT_FORM (PAYMENT_NO,PAYMENT_NAME,PAYMENT_CONTENTS,PAYMENT_REPERIOD,PAYMENT_THUMBNAIL) values (1004,'연차신청서','연차신청서 내용을 담는 결재양식',to_date('21/04/27','RR/MM/DD'),null);
REM INSERTING into EJOBB.BB_READING
SET DEFINE OFF;
REM INSERTING into EJOBB.BB_REVIEW
SET DEFINE OFF;
Insert into EJOBB.BB_REVIEW (PER_NO,REVIEW_DATE,ACH_ONE,ACH_TWO,ACH_THREE,ABIL_ONE,ABIL_TWO,ABIL_THREE,ABIL_FOUR,ATT_ONE,ATT_TWO,ATT_THREE,REVIEW_AVG,REVIEW_GRADE,MEMBER_NO) values (1,to_date('21/04/28','RR/MM/DD'),25,46,24,68,35,46,23,47,25,36,37,'D',1);
Insert into EJOBB.BB_REVIEW (PER_NO,REVIEW_DATE,ACH_ONE,ACH_TWO,ACH_THREE,ABIL_ONE,ABIL_TWO,ABIL_THREE,ABIL_FOUR,ATT_ONE,ATT_TWO,ATT_THREE,REVIEW_AVG,REVIEW_GRADE,MEMBER_NO) values (2,to_date('20/04/21','RR/MM/DD'),87,90,78,68,97,83,89,92,78,90,85,'A',1);
Insert into EJOBB.BB_REVIEW (PER_NO,REVIEW_DATE,ACH_ONE,ACH_TWO,ACH_THREE,ABIL_ONE,ABIL_TWO,ABIL_THREE,ABIL_FOUR,ATT_ONE,ATT_TWO,ATT_THREE,REVIEW_AVG,REVIEW_GRADE,MEMBER_NO) values (3,to_date('21/04/28','RR/MM/DD'),96,99,99,70,97,96,95,40,90,5,78,'B',2);
Insert into EJOBB.BB_REVIEW (PER_NO,REVIEW_DATE,ACH_ONE,ACH_TWO,ACH_THREE,ABIL_ONE,ABIL_TWO,ABIL_THREE,ABIL_FOUR,ATT_ONE,ATT_TWO,ATT_THREE,REVIEW_AVG,REVIEW_GRADE,MEMBER_NO) values (4,to_date('20/04/21','RR/MM/DD'),25,46,24,68,35,46,23,47,25,36,37,'D',2);
Insert into EJOBB.BB_REVIEW (PER_NO,REVIEW_DATE,ACH_ONE,ACH_TWO,ACH_THREE,ABIL_ONE,ABIL_TWO,ABIL_THREE,ABIL_FOUR,ATT_ONE,ATT_TWO,ATT_THREE,REVIEW_AVG,REVIEW_GRADE,MEMBER_NO) values (5,to_date('21/04/28','RR/MM/DD'),96,99,99,70,97,96,95,97,90,100,87,'A+',3);
Insert into EJOBB.BB_REVIEW (PER_NO,REVIEW_DATE,ACH_ONE,ACH_TWO,ACH_THREE,ABIL_ONE,ABIL_TWO,ABIL_THREE,ABIL_FOUR,ATT_ONE,ATT_TWO,ATT_THREE,REVIEW_AVG,REVIEW_GRADE,MEMBER_NO) values (6,to_date('20/04/21','RR/MM/DD'),25,46,24,68,35,46,23,47,25,36,37,'D',3);
Insert into EJOBB.BB_REVIEW (PER_NO,REVIEW_DATE,ACH_ONE,ACH_TWO,ACH_THREE,ABIL_ONE,ABIL_TWO,ABIL_THREE,ABIL_FOUR,ATT_ONE,ATT_TWO,ATT_THREE,REVIEW_AVG,REVIEW_GRADE,MEMBER_NO) values (7,to_date('21/04/28','RR/MM/DD'),96,99,99,70,97,96,95,97,90,100,87,'A+',4);
Insert into EJOBB.BB_REVIEW (PER_NO,REVIEW_DATE,ACH_ONE,ACH_TWO,ACH_THREE,ABIL_ONE,ABIL_TWO,ABIL_THREE,ABIL_FOUR,ATT_ONE,ATT_TWO,ATT_THREE,REVIEW_AVG,REVIEW_GRADE,MEMBER_NO) values (8,to_date('20/04/21','RR/MM/DD'),25,46,24,68,35,46,23,47,25,36,37,'D',4);
Insert into EJOBB.BB_REVIEW (PER_NO,REVIEW_DATE,ACH_ONE,ACH_TWO,ACH_THREE,ABIL_ONE,ABIL_TWO,ABIL_THREE,ABIL_FOUR,ATT_ONE,ATT_TWO,ATT_THREE,REVIEW_AVG,REVIEW_GRADE,MEMBER_NO) values (9,to_date('21/04/28','RR/MM/DD'),96,99,99,70,97,96,95,97,90,100,87,'A+',5);
Insert into EJOBB.BB_REVIEW (PER_NO,REVIEW_DATE,ACH_ONE,ACH_TWO,ACH_THREE,ABIL_ONE,ABIL_TWO,ABIL_THREE,ABIL_FOUR,ATT_ONE,ATT_TWO,ATT_THREE,REVIEW_AVG,REVIEW_GRADE,MEMBER_NO) values (10,to_date('20/04/21','RR/MM/DD'),25,46,24,68,35,46,23,47,25,36,37,'D',5);
Insert into EJOBB.BB_REVIEW (PER_NO,REVIEW_DATE,ACH_ONE,ACH_TWO,ACH_THREE,ABIL_ONE,ABIL_TWO,ABIL_THREE,ABIL_FOUR,ATT_ONE,ATT_TWO,ATT_THREE,REVIEW_AVG,REVIEW_GRADE,MEMBER_NO) values (11,to_date('21/04/28','RR/MM/DD'),96,99,99,70,97,96,95,97,90,100,87,'A+',6);
Insert into EJOBB.BB_REVIEW (PER_NO,REVIEW_DATE,ACH_ONE,ACH_TWO,ACH_THREE,ABIL_ONE,ABIL_TWO,ABIL_THREE,ABIL_FOUR,ATT_ONE,ATT_TWO,ATT_THREE,REVIEW_AVG,REVIEW_GRADE,MEMBER_NO) values (12,to_date('20/04/21','RR/MM/DD'),25,46,24,68,35,46,23,47,25,36,37,'D',6);
Insert into EJOBB.BB_REVIEW (PER_NO,REVIEW_DATE,ACH_ONE,ACH_TWO,ACH_THREE,ABIL_ONE,ABIL_TWO,ABIL_THREE,ABIL_FOUR,ATT_ONE,ATT_TWO,ATT_THREE,REVIEW_AVG,REVIEW_GRADE,MEMBER_NO) values (13,to_date('21/04/28','RR/MM/DD'),96,99,99,70,97,96,95,97,90,100,87,'A+',7);
Insert into EJOBB.BB_REVIEW (PER_NO,REVIEW_DATE,ACH_ONE,ACH_TWO,ACH_THREE,ABIL_ONE,ABIL_TWO,ABIL_THREE,ABIL_FOUR,ATT_ONE,ATT_TWO,ATT_THREE,REVIEW_AVG,REVIEW_GRADE,MEMBER_NO) values (14,to_date('20/04/21','RR/MM/DD'),25,46,24,68,35,46,23,47,25,36,37,'D',7);
Insert into EJOBB.BB_REVIEW (PER_NO,REVIEW_DATE,ACH_ONE,ACH_TWO,ACH_THREE,ABIL_ONE,ABIL_TWO,ABIL_THREE,ABIL_FOUR,ATT_ONE,ATT_TWO,ATT_THREE,REVIEW_AVG,REVIEW_GRADE,MEMBER_NO) values (15,to_date('21/04/28','RR/MM/DD'),96,99,99,70,97,96,95,97,90,100,87,'A+',8);
Insert into EJOBB.BB_REVIEW (PER_NO,REVIEW_DATE,ACH_ONE,ACH_TWO,ACH_THREE,ABIL_ONE,ABIL_TWO,ABIL_THREE,ABIL_FOUR,ATT_ONE,ATT_TWO,ATT_THREE,REVIEW_AVG,REVIEW_GRADE,MEMBER_NO) values (16,to_date('20/04/21','RR/MM/DD'),25,46,24,68,35,46,23,47,25,36,37,'D',8);
Insert into EJOBB.BB_REVIEW (PER_NO,REVIEW_DATE,ACH_ONE,ACH_TWO,ACH_THREE,ABIL_ONE,ABIL_TWO,ABIL_THREE,ABIL_FOUR,ATT_ONE,ATT_TWO,ATT_THREE,REVIEW_AVG,REVIEW_GRADE,MEMBER_NO) values (17,to_date('21/04/28','RR/MM/DD'),96,99,99,70,97,96,95,97,90,100,87,'A+',9);
Insert into EJOBB.BB_REVIEW (PER_NO,REVIEW_DATE,ACH_ONE,ACH_TWO,ACH_THREE,ABIL_ONE,ABIL_TWO,ABIL_THREE,ABIL_FOUR,ATT_ONE,ATT_TWO,ATT_THREE,REVIEW_AVG,REVIEW_GRADE,MEMBER_NO) values (18,to_date('20/04/21','RR/MM/DD'),25,46,24,68,35,46,23,47,25,36,37,'D',9);
Insert into EJOBB.BB_REVIEW (PER_NO,REVIEW_DATE,ACH_ONE,ACH_TWO,ACH_THREE,ABIL_ONE,ABIL_TWO,ABIL_THREE,ABIL_FOUR,ATT_ONE,ATT_TWO,ATT_THREE,REVIEW_AVG,REVIEW_GRADE,MEMBER_NO) values (19,to_date('21/04/28','RR/MM/DD'),96,99,99,70,97,96,95,97,90,100,87,'A+',10);
Insert into EJOBB.BB_REVIEW (PER_NO,REVIEW_DATE,ACH_ONE,ACH_TWO,ACH_THREE,ABIL_ONE,ABIL_TWO,ABIL_THREE,ABIL_FOUR,ATT_ONE,ATT_TWO,ATT_THREE,REVIEW_AVG,REVIEW_GRADE,MEMBER_NO) values (20,to_date('20/04/21','RR/MM/DD'),25,46,24,68,35,46,23,47,25,36,37,'D',10);
Insert into EJOBB.BB_REVIEW (PER_NO,REVIEW_DATE,ACH_ONE,ACH_TWO,ACH_THREE,ABIL_ONE,ABIL_TWO,ABIL_THREE,ABIL_FOUR,ATT_ONE,ATT_TWO,ATT_THREE,REVIEW_AVG,REVIEW_GRADE,MEMBER_NO) values (21,to_date('21/04/28','RR/MM/DD'),96,99,99,70,97,96,95,97,90,100,87,'A+',11);
Insert into EJOBB.BB_REVIEW (PER_NO,REVIEW_DATE,ACH_ONE,ACH_TWO,ACH_THREE,ABIL_ONE,ABIL_TWO,ABIL_THREE,ABIL_FOUR,ATT_ONE,ATT_TWO,ATT_THREE,REVIEW_AVG,REVIEW_GRADE,MEMBER_NO) values (22,to_date('20/04/21','RR/MM/DD'),25,46,24,68,35,46,23,47,25,36,37,'D',11);
Insert into EJOBB.BB_REVIEW (PER_NO,REVIEW_DATE,ACH_ONE,ACH_TWO,ACH_THREE,ABIL_ONE,ABIL_TWO,ABIL_THREE,ABIL_FOUR,ATT_ONE,ATT_TWO,ATT_THREE,REVIEW_AVG,REVIEW_GRADE,MEMBER_NO) values (23,to_date('21/04/28','RR/MM/DD'),96,99,99,70,97,96,95,97,90,100,87,'A+',12);
Insert into EJOBB.BB_REVIEW (PER_NO,REVIEW_DATE,ACH_ONE,ACH_TWO,ACH_THREE,ABIL_ONE,ABIL_TWO,ABIL_THREE,ABIL_FOUR,ATT_ONE,ATT_TWO,ATT_THREE,REVIEW_AVG,REVIEW_GRADE,MEMBER_NO) values (24,to_date('20/04/21','RR/MM/DD'),25,46,24,68,35,46,23,47,25,36,37,'D',12);
Insert into EJOBB.BB_REVIEW (PER_NO,REVIEW_DATE,ACH_ONE,ACH_TWO,ACH_THREE,ABIL_ONE,ABIL_TWO,ABIL_THREE,ABIL_FOUR,ATT_ONE,ATT_TWO,ATT_THREE,REVIEW_AVG,REVIEW_GRADE,MEMBER_NO) values (25,to_date('21/04/28','RR/MM/DD'),96,99,99,70,97,96,95,97,90,100,87,'A+',13);
Insert into EJOBB.BB_REVIEW (PER_NO,REVIEW_DATE,ACH_ONE,ACH_TWO,ACH_THREE,ABIL_ONE,ABIL_TWO,ABIL_THREE,ABIL_FOUR,ATT_ONE,ATT_TWO,ATT_THREE,REVIEW_AVG,REVIEW_GRADE,MEMBER_NO) values (26,to_date('20/04/21','RR/MM/DD'),25,46,24,68,35,46,23,47,25,36,37,'D',13);
Insert into EJOBB.BB_REVIEW (PER_NO,REVIEW_DATE,ACH_ONE,ACH_TWO,ACH_THREE,ABIL_ONE,ABIL_TWO,ABIL_THREE,ABIL_FOUR,ATT_ONE,ATT_TWO,ATT_THREE,REVIEW_AVG,REVIEW_GRADE,MEMBER_NO) values (27,to_date('21/04/28','RR/MM/DD'),96,99,99,70,97,96,95,97,90,100,87,'A+',14);
Insert into EJOBB.BB_REVIEW (PER_NO,REVIEW_DATE,ACH_ONE,ACH_TWO,ACH_THREE,ABIL_ONE,ABIL_TWO,ABIL_THREE,ABIL_FOUR,ATT_ONE,ATT_TWO,ATT_THREE,REVIEW_AVG,REVIEW_GRADE,MEMBER_NO) values (28,to_date('20/04/21','RR/MM/DD'),25,46,24,68,35,46,23,47,25,36,37,'D',14);
REM INSERTING into EJOBB.BB_ROLE
SET DEFINE OFF;
Insert into EJOBB.BB_ROLE (ROLE_NO,ROLE_NAME,MEMBER_NO) values (1,'ROLE_ADMIN',1);
Insert into EJOBB.BB_ROLE (ROLE_NO,ROLE_NAME,MEMBER_NO) values (2,'ROLE_ADMIN',2);
Insert into EJOBB.BB_ROLE (ROLE_NO,ROLE_NAME,MEMBER_NO) values (3,'ROLE_MASTER',3);
Insert into EJOBB.BB_ROLE (ROLE_NO,ROLE_NAME,MEMBER_NO) values (4,'ROLE_ADMIN',4);
Insert into EJOBB.BB_ROLE (ROLE_NO,ROLE_NAME,MEMBER_NO) values (5,'ROLE_ADMIN',5);
Insert into EJOBB.BB_ROLE (ROLE_NO,ROLE_NAME,MEMBER_NO) values (6,'ROLE_ADMIN',6);
Insert into EJOBB.BB_ROLE (ROLE_NO,ROLE_NAME,MEMBER_NO) values (7,'ROLE_ADMIN',7);
Insert into EJOBB.BB_ROLE (ROLE_NO,ROLE_NAME,MEMBER_NO) values (8,'ROLE_USER',8);
Insert into EJOBB.BB_ROLE (ROLE_NO,ROLE_NAME,MEMBER_NO) values (9,'ROLE_USER',9);
Insert into EJOBB.BB_ROLE (ROLE_NO,ROLE_NAME,MEMBER_NO) values (10,'ROLE_USER',10);
Insert into EJOBB.BB_ROLE (ROLE_NO,ROLE_NAME,MEMBER_NO) values (11,'ROLE_USER',11);
Insert into EJOBB.BB_ROLE (ROLE_NO,ROLE_NAME,MEMBER_NO) values (12,'ROLE_USER',12);
Insert into EJOBB.BB_ROLE (ROLE_NO,ROLE_NAME,MEMBER_NO) values (13,'ROLE_USER',13);
Insert into EJOBB.BB_ROLE (ROLE_NO,ROLE_NAME,MEMBER_NO) values (14,'ROLE_USER',14);
Insert into EJOBB.BB_ROLE (ROLE_NO,ROLE_NAME,MEMBER_NO) values (15,'ROLE_GUEST',15);
REM INSERTING into EJOBB.BB_SPOT
SET DEFINE OFF;
Insert into EJOBB.BB_SPOT (SPOT_CODE,SPOT_NAME) values ('R1','사원');
Insert into EJOBB.BB_SPOT (SPOT_CODE,SPOT_NAME) values ('R2','대리');
Insert into EJOBB.BB_SPOT (SPOT_CODE,SPOT_NAME) values ('R3','과장');
Insert into EJOBB.BB_SPOT (SPOT_CODE,SPOT_NAME) values ('R4','차장');
Insert into EJOBB.BB_SPOT (SPOT_CODE,SPOT_NAME) values ('R5','부장');
REM INSERTING into EJOBB.BB_WEEK_WORK_STATISTIC
SET DEFINE OFF;
Insert into EJOBB.BB_WEEK_WORK_STATISTIC (WEEK_WORK_STATISTIC_NO,STATISTIC_DATE,TOTAL_WORK_HOURS,TOTAL_EXTRA_WORK_HOURS,WORK_LATE_COUNT,WORK_COUNT,MEMBER_NO) values (1,to_date('21/04/27','RR/MM/DD'),'52','0',3,31,6);
Insert into EJOBB.BB_WEEK_WORK_STATISTIC (WEEK_WORK_STATISTIC_NO,STATISTIC_DATE,TOTAL_WORK_HOURS,TOTAL_EXTRA_WORK_HOURS,WORK_LATE_COUNT,WORK_COUNT,MEMBER_NO) values (2,to_date('21/04/27','RR/MM/DD'),'52','2',2,28,5);
Insert into EJOBB.BB_WEEK_WORK_STATISTIC (WEEK_WORK_STATISTIC_NO,STATISTIC_DATE,TOTAL_WORK_HOURS,TOTAL_EXTRA_WORK_HOURS,WORK_LATE_COUNT,WORK_COUNT,MEMBER_NO) values (3,to_date('21/04/27','RR/MM/DD'),'52','5',3,29,4);
Insert into EJOBB.BB_WEEK_WORK_STATISTIC (WEEK_WORK_STATISTIC_NO,STATISTIC_DATE,TOTAL_WORK_HOURS,TOTAL_EXTRA_WORK_HOURS,WORK_LATE_COUNT,WORK_COUNT,MEMBER_NO) values (4,to_date('21/04/27','RR/MM/DD'),'52','4',3,30,3);
Insert into EJOBB.BB_WEEK_WORK_STATISTIC (WEEK_WORK_STATISTIC_NO,STATISTIC_DATE,TOTAL_WORK_HOURS,TOTAL_EXTRA_WORK_HOURS,WORK_LATE_COUNT,WORK_COUNT,MEMBER_NO) values (5,to_date('21/04/27','RR/MM/DD'),'52','4',3,30,8);
Insert into EJOBB.BB_WEEK_WORK_STATISTIC (WEEK_WORK_STATISTIC_NO,STATISTIC_DATE,TOTAL_WORK_HOURS,TOTAL_EXTRA_WORK_HOURS,WORK_LATE_COUNT,WORK_COUNT,MEMBER_NO) values (6,to_date('21/04/27','RR/MM/DD'),'52','4',3,30,9);
Insert into EJOBB.BB_WEEK_WORK_STATISTIC (WEEK_WORK_STATISTIC_NO,STATISTIC_DATE,TOTAL_WORK_HOURS,TOTAL_EXTRA_WORK_HOURS,WORK_LATE_COUNT,WORK_COUNT,MEMBER_NO) values (7,to_date('21/04/27','RR/MM/DD'),'52','4',3,30,10);
Insert into EJOBB.BB_WEEK_WORK_STATISTIC (WEEK_WORK_STATISTIC_NO,STATISTIC_DATE,TOTAL_WORK_HOURS,TOTAL_EXTRA_WORK_HOURS,WORK_LATE_COUNT,WORK_COUNT,MEMBER_NO) values (8,to_date('21/04/27','RR/MM/DD'),'52','4',3,30,11);
Insert into EJOBB.BB_WEEK_WORK_STATISTIC (WEEK_WORK_STATISTIC_NO,STATISTIC_DATE,TOTAL_WORK_HOURS,TOTAL_EXTRA_WORK_HOURS,WORK_LATE_COUNT,WORK_COUNT,MEMBER_NO) values (9,to_date('21/04/27','RR/MM/DD'),'52','4',3,30,12);
Insert into EJOBB.BB_WEEK_WORK_STATISTIC (WEEK_WORK_STATISTIC_NO,STATISTIC_DATE,TOTAL_WORK_HOURS,TOTAL_EXTRA_WORK_HOURS,WORK_LATE_COUNT,WORK_COUNT,MEMBER_NO) values (10,to_date('21/04/27','RR/MM/DD'),'52','4',3,30,13);
Insert into EJOBB.BB_WEEK_WORK_STATISTIC (WEEK_WORK_STATISTIC_NO,STATISTIC_DATE,TOTAL_WORK_HOURS,TOTAL_EXTRA_WORK_HOURS,WORK_LATE_COUNT,WORK_COUNT,MEMBER_NO) values (11,to_date('21/04/27','RR/MM/DD'),'52','4',3,30,14);
Insert into EJOBB.BB_WEEK_WORK_STATISTIC (WEEK_WORK_STATISTIC_NO,STATISTIC_DATE,TOTAL_WORK_HOURS,TOTAL_EXTRA_WORK_HOURS,WORK_LATE_COUNT,WORK_COUNT,MEMBER_NO) values (12,to_date('21/04/28','RR/MM/DD'),'0:0:0','-8:0:0',1,14,null);
Insert into EJOBB.BB_WEEK_WORK_STATISTIC (WEEK_WORK_STATISTIC_NO,STATISTIC_DATE,TOTAL_WORK_HOURS,TOTAL_EXTRA_WORK_HOURS,WORK_LATE_COUNT,WORK_COUNT,MEMBER_NO) values (13,to_date('21/04/28','RR/MM/DD'),'0:0:0','-8:0:0',1,14,null);
Insert into EJOBB.BB_WEEK_WORK_STATISTIC (WEEK_WORK_STATISTIC_NO,STATISTIC_DATE,TOTAL_WORK_HOURS,TOTAL_EXTRA_WORK_HOURS,WORK_LATE_COUNT,WORK_COUNT,MEMBER_NO) values (14,to_date('21/04/28','RR/MM/DD'),'0:0:0','-8:0:0',1,14,null);
Insert into EJOBB.BB_WEEK_WORK_STATISTIC (WEEK_WORK_STATISTIC_NO,STATISTIC_DATE,TOTAL_WORK_HOURS,TOTAL_EXTRA_WORK_HOURS,WORK_LATE_COUNT,WORK_COUNT,MEMBER_NO) values (15,to_date('21/04/28','RR/MM/DD'),'0:0:0','-8:0:0',1,14,null);
Insert into EJOBB.BB_WEEK_WORK_STATISTIC (WEEK_WORK_STATISTIC_NO,STATISTIC_DATE,TOTAL_WORK_HOURS,TOTAL_EXTRA_WORK_HOURS,WORK_LATE_COUNT,WORK_COUNT,MEMBER_NO) values (16,to_date('21/04/28','RR/MM/DD'),'0:0:0','-8:0:0',1,14,null);
Insert into EJOBB.BB_WEEK_WORK_STATISTIC (WEEK_WORK_STATISTIC_NO,STATISTIC_DATE,TOTAL_WORK_HOURS,TOTAL_EXTRA_WORK_HOURS,WORK_LATE_COUNT,WORK_COUNT,MEMBER_NO) values (17,to_date('21/04/28','RR/MM/DD'),'0:0:0','-8:0:0',1,14,null);
Insert into EJOBB.BB_WEEK_WORK_STATISTIC (WEEK_WORK_STATISTIC_NO,STATISTIC_DATE,TOTAL_WORK_HOURS,TOTAL_EXTRA_WORK_HOURS,WORK_LATE_COUNT,WORK_COUNT,MEMBER_NO) values (18,to_date('21/04/28','RR/MM/DD'),'0:0:0','-8:0:0',1,14,null);
Insert into EJOBB.BB_WEEK_WORK_STATISTIC (WEEK_WORK_STATISTIC_NO,STATISTIC_DATE,TOTAL_WORK_HOURS,TOTAL_EXTRA_WORK_HOURS,WORK_LATE_COUNT,WORK_COUNT,MEMBER_NO) values (19,to_date('21/04/28','RR/MM/DD'),'0:0:0','-8:0:0',1,14,null);
Insert into EJOBB.BB_WEEK_WORK_STATISTIC (WEEK_WORK_STATISTIC_NO,STATISTIC_DATE,TOTAL_WORK_HOURS,TOTAL_EXTRA_WORK_HOURS,WORK_LATE_COUNT,WORK_COUNT,MEMBER_NO) values (20,to_date('21/04/28','RR/MM/DD'),'0:0:0','-8:0:0',1,14,null);
Insert into EJOBB.BB_WEEK_WORK_STATISTIC (WEEK_WORK_STATISTIC_NO,STATISTIC_DATE,TOTAL_WORK_HOURS,TOTAL_EXTRA_WORK_HOURS,WORK_LATE_COUNT,WORK_COUNT,MEMBER_NO) values (21,to_date('21/04/28','RR/MM/DD'),'0:0:0','-8:0:0',1,14,null);
Insert into EJOBB.BB_WEEK_WORK_STATISTIC (WEEK_WORK_STATISTIC_NO,STATISTIC_DATE,TOTAL_WORK_HOURS,TOTAL_EXTRA_WORK_HOURS,WORK_LATE_COUNT,WORK_COUNT,MEMBER_NO) values (22,to_date('21/04/28','RR/MM/DD'),'0:0:0','-8:0:0',1,14,null);
Insert into EJOBB.BB_WEEK_WORK_STATISTIC (WEEK_WORK_STATISTIC_NO,STATISTIC_DATE,TOTAL_WORK_HOURS,TOTAL_EXTRA_WORK_HOURS,WORK_LATE_COUNT,WORK_COUNT,MEMBER_NO) values (23,to_date('21/04/28','RR/MM/DD'),'0:0:0','-8:0:0',1,14,null);
Insert into EJOBB.BB_WEEK_WORK_STATISTIC (WEEK_WORK_STATISTIC_NO,STATISTIC_DATE,TOTAL_WORK_HOURS,TOTAL_EXTRA_WORK_HOURS,WORK_LATE_COUNT,WORK_COUNT,MEMBER_NO) values (24,to_date('21/04/28','RR/MM/DD'),'0:0:0','-8:0:0',1,14,null);
Insert into EJOBB.BB_WEEK_WORK_STATISTIC (WEEK_WORK_STATISTIC_NO,STATISTIC_DATE,TOTAL_WORK_HOURS,TOTAL_EXTRA_WORK_HOURS,WORK_LATE_COUNT,WORK_COUNT,MEMBER_NO) values (25,to_date('21/04/28','RR/MM/DD'),'0:0:0','-8:0:0',1,14,null);
Insert into EJOBB.BB_WEEK_WORK_STATISTIC (WEEK_WORK_STATISTIC_NO,STATISTIC_DATE,TOTAL_WORK_HOURS,TOTAL_EXTRA_WORK_HOURS,WORK_LATE_COUNT,WORK_COUNT,MEMBER_NO) values (26,to_date('21/04/28','RR/MM/DD'),'0:0:0','-8:0:0',1,14,null);
Insert into EJOBB.BB_WEEK_WORK_STATISTIC (WEEK_WORK_STATISTIC_NO,STATISTIC_DATE,TOTAL_WORK_HOURS,TOTAL_EXTRA_WORK_HOURS,WORK_LATE_COUNT,WORK_COUNT,MEMBER_NO) values (27,to_date('21/04/28','RR/MM/DD'),'0:0:0','-8:0:0',1,14,null);
Insert into EJOBB.BB_WEEK_WORK_STATISTIC (WEEK_WORK_STATISTIC_NO,STATISTIC_DATE,TOTAL_WORK_HOURS,TOTAL_EXTRA_WORK_HOURS,WORK_LATE_COUNT,WORK_COUNT,MEMBER_NO) values (28,to_date('21/04/28','RR/MM/DD'),'0:0:0','-8:0:0',1,14,null);
Insert into EJOBB.BB_WEEK_WORK_STATISTIC (WEEK_WORK_STATISTIC_NO,STATISTIC_DATE,TOTAL_WORK_HOURS,TOTAL_EXTRA_WORK_HOURS,WORK_LATE_COUNT,WORK_COUNT,MEMBER_NO) values (29,to_date('21/04/28','RR/MM/DD'),'0:0:0','-8:0:0',1,14,null);
Insert into EJOBB.BB_WEEK_WORK_STATISTIC (WEEK_WORK_STATISTIC_NO,STATISTIC_DATE,TOTAL_WORK_HOURS,TOTAL_EXTRA_WORK_HOURS,WORK_LATE_COUNT,WORK_COUNT,MEMBER_NO) values (30,to_date('21/04/28','RR/MM/DD'),'0:0:0','-8:0:0',1,14,null);
Insert into EJOBB.BB_WEEK_WORK_STATISTIC (WEEK_WORK_STATISTIC_NO,STATISTIC_DATE,TOTAL_WORK_HOURS,TOTAL_EXTRA_WORK_HOURS,WORK_LATE_COUNT,WORK_COUNT,MEMBER_NO) values (31,to_date('21/04/28','RR/MM/DD'),'0:0:0','-8:0:0',1,14,null);
Insert into EJOBB.BB_WEEK_WORK_STATISTIC (WEEK_WORK_STATISTIC_NO,STATISTIC_DATE,TOTAL_WORK_HOURS,TOTAL_EXTRA_WORK_HOURS,WORK_LATE_COUNT,WORK_COUNT,MEMBER_NO) values (32,to_date('21/04/28','RR/MM/DD'),'0:0:0','-8:0:0',1,14,null);
Insert into EJOBB.BB_WEEK_WORK_STATISTIC (WEEK_WORK_STATISTIC_NO,STATISTIC_DATE,TOTAL_WORK_HOURS,TOTAL_EXTRA_WORK_HOURS,WORK_LATE_COUNT,WORK_COUNT,MEMBER_NO) values (33,to_date('21/04/28','RR/MM/DD'),'0:0:0','-8:0:0',1,14,null);
Insert into EJOBB.BB_WEEK_WORK_STATISTIC (WEEK_WORK_STATISTIC_NO,STATISTIC_DATE,TOTAL_WORK_HOURS,TOTAL_EXTRA_WORK_HOURS,WORK_LATE_COUNT,WORK_COUNT,MEMBER_NO) values (34,to_date('21/04/28','RR/MM/DD'),'0:0:0','-8:0:0',1,14,null);
Insert into EJOBB.BB_WEEK_WORK_STATISTIC (WEEK_WORK_STATISTIC_NO,STATISTIC_DATE,TOTAL_WORK_HOURS,TOTAL_EXTRA_WORK_HOURS,WORK_LATE_COUNT,WORK_COUNT,MEMBER_NO) values (35,to_date('21/04/28','RR/MM/DD'),'0:0:0','-8:0:0',1,14,null);
Insert into EJOBB.BB_WEEK_WORK_STATISTIC (WEEK_WORK_STATISTIC_NO,STATISTIC_DATE,TOTAL_WORK_HOURS,TOTAL_EXTRA_WORK_HOURS,WORK_LATE_COUNT,WORK_COUNT,MEMBER_NO) values (36,to_date('21/04/28','RR/MM/DD'),'0:0:0','-8:0:0',1,14,null);
Insert into EJOBB.BB_WEEK_WORK_STATISTIC (WEEK_WORK_STATISTIC_NO,STATISTIC_DATE,TOTAL_WORK_HOURS,TOTAL_EXTRA_WORK_HOURS,WORK_LATE_COUNT,WORK_COUNT,MEMBER_NO) values (37,to_date('21/04/28','RR/MM/DD'),'0:0:0','-8:0:0',1,14,null);
Insert into EJOBB.BB_WEEK_WORK_STATISTIC (WEEK_WORK_STATISTIC_NO,STATISTIC_DATE,TOTAL_WORK_HOURS,TOTAL_EXTRA_WORK_HOURS,WORK_LATE_COUNT,WORK_COUNT,MEMBER_NO) values (38,to_date('21/04/28','RR/MM/DD'),'0:0:0','-8:0:0',1,14,null);
Insert into EJOBB.BB_WEEK_WORK_STATISTIC (WEEK_WORK_STATISTIC_NO,STATISTIC_DATE,TOTAL_WORK_HOURS,TOTAL_EXTRA_WORK_HOURS,WORK_LATE_COUNT,WORK_COUNT,MEMBER_NO) values (39,to_date('21/04/28','RR/MM/DD'),'0:0:0','-8:0:0',1,14,null);
Insert into EJOBB.BB_WEEK_WORK_STATISTIC (WEEK_WORK_STATISTIC_NO,STATISTIC_DATE,TOTAL_WORK_HOURS,TOTAL_EXTRA_WORK_HOURS,WORK_LATE_COUNT,WORK_COUNT,MEMBER_NO) values (40,to_date('21/04/29','RR/MM/DD'),'0:0:0','-8:0:0',1,14,null);
Insert into EJOBB.BB_WEEK_WORK_STATISTIC (WEEK_WORK_STATISTIC_NO,STATISTIC_DATE,TOTAL_WORK_HOURS,TOTAL_EXTRA_WORK_HOURS,WORK_LATE_COUNT,WORK_COUNT,MEMBER_NO) values (41,to_date('21/04/29','RR/MM/DD'),'0:0:0','-8:0:0',1,14,null);
Insert into EJOBB.BB_WEEK_WORK_STATISTIC (WEEK_WORK_STATISTIC_NO,STATISTIC_DATE,TOTAL_WORK_HOURS,TOTAL_EXTRA_WORK_HOURS,WORK_LATE_COUNT,WORK_COUNT,MEMBER_NO) values (42,to_date('21/04/29','RR/MM/DD'),'0:0:0','-8:0:0',1,14,null);
Insert into EJOBB.BB_WEEK_WORK_STATISTIC (WEEK_WORK_STATISTIC_NO,STATISTIC_DATE,TOTAL_WORK_HOURS,TOTAL_EXTRA_WORK_HOURS,WORK_LATE_COUNT,WORK_COUNT,MEMBER_NO) values (43,to_date('21/04/29','RR/MM/DD'),'0:0:0','-8:0:0',1,14,null);
Insert into EJOBB.BB_WEEK_WORK_STATISTIC (WEEK_WORK_STATISTIC_NO,STATISTIC_DATE,TOTAL_WORK_HOURS,TOTAL_EXTRA_WORK_HOURS,WORK_LATE_COUNT,WORK_COUNT,MEMBER_NO) values (44,to_date('21/04/29','RR/MM/DD'),'0:0:0','-8:0:0',1,14,null);
Insert into EJOBB.BB_WEEK_WORK_STATISTIC (WEEK_WORK_STATISTIC_NO,STATISTIC_DATE,TOTAL_WORK_HOURS,TOTAL_EXTRA_WORK_HOURS,WORK_LATE_COUNT,WORK_COUNT,MEMBER_NO) values (45,to_date('21/04/29','RR/MM/DD'),'0:0:0','-8:0:0',1,14,null);
Insert into EJOBB.BB_WEEK_WORK_STATISTIC (WEEK_WORK_STATISTIC_NO,STATISTIC_DATE,TOTAL_WORK_HOURS,TOTAL_EXTRA_WORK_HOURS,WORK_LATE_COUNT,WORK_COUNT,MEMBER_NO) values (46,to_date('21/04/29','RR/MM/DD'),'0:0:0','-8:0:0',1,14,null);
Insert into EJOBB.BB_WEEK_WORK_STATISTIC (WEEK_WORK_STATISTIC_NO,STATISTIC_DATE,TOTAL_WORK_HOURS,TOTAL_EXTRA_WORK_HOURS,WORK_LATE_COUNT,WORK_COUNT,MEMBER_NO) values (47,to_date('21/04/29','RR/MM/DD'),'0:0:0','-8:0:0',1,14,null);
Insert into EJOBB.BB_WEEK_WORK_STATISTIC (WEEK_WORK_STATISTIC_NO,STATISTIC_DATE,TOTAL_WORK_HOURS,TOTAL_EXTRA_WORK_HOURS,WORK_LATE_COUNT,WORK_COUNT,MEMBER_NO) values (48,to_date('21/04/29','RR/MM/DD'),'0:0:0','-8:0:0',1,14,null);
Insert into EJOBB.BB_WEEK_WORK_STATISTIC (WEEK_WORK_STATISTIC_NO,STATISTIC_DATE,TOTAL_WORK_HOURS,TOTAL_EXTRA_WORK_HOURS,WORK_LATE_COUNT,WORK_COUNT,MEMBER_NO) values (49,to_date('21/04/29','RR/MM/DD'),'0:0:0','-8:0:0',1,14,null);
Insert into EJOBB.BB_WEEK_WORK_STATISTIC (WEEK_WORK_STATISTIC_NO,STATISTIC_DATE,TOTAL_WORK_HOURS,TOTAL_EXTRA_WORK_HOURS,WORK_LATE_COUNT,WORK_COUNT,MEMBER_NO) values (50,to_date('21/04/29','RR/MM/DD'),'0:0:0','-8:0:0',1,14,null);
Insert into EJOBB.BB_WEEK_WORK_STATISTIC (WEEK_WORK_STATISTIC_NO,STATISTIC_DATE,TOTAL_WORK_HOURS,TOTAL_EXTRA_WORK_HOURS,WORK_LATE_COUNT,WORK_COUNT,MEMBER_NO) values (51,to_date('21/04/29','RR/MM/DD'),'0:0:0','-8:0:0',1,14,null);
Insert into EJOBB.BB_WEEK_WORK_STATISTIC (WEEK_WORK_STATISTIC_NO,STATISTIC_DATE,TOTAL_WORK_HOURS,TOTAL_EXTRA_WORK_HOURS,WORK_LATE_COUNT,WORK_COUNT,MEMBER_NO) values (52,to_date('21/04/29','RR/MM/DD'),'0:0:0','-8:0:0',1,14,null);
Insert into EJOBB.BB_WEEK_WORK_STATISTIC (WEEK_WORK_STATISTIC_NO,STATISTIC_DATE,TOTAL_WORK_HOURS,TOTAL_EXTRA_WORK_HOURS,WORK_LATE_COUNT,WORK_COUNT,MEMBER_NO) values (53,to_date('21/04/29','RR/MM/DD'),'0:0:0','-8:0:0',1,14,null);
Insert into EJOBB.BB_WEEK_WORK_STATISTIC (WEEK_WORK_STATISTIC_NO,STATISTIC_DATE,TOTAL_WORK_HOURS,TOTAL_EXTRA_WORK_HOURS,WORK_LATE_COUNT,WORK_COUNT,MEMBER_NO) values (54,to_date('21/04/29','RR/MM/DD'),'0:0:0','-8:0:0',1,14,null);
Insert into EJOBB.BB_WEEK_WORK_STATISTIC (WEEK_WORK_STATISTIC_NO,STATISTIC_DATE,TOTAL_WORK_HOURS,TOTAL_EXTRA_WORK_HOURS,WORK_LATE_COUNT,WORK_COUNT,MEMBER_NO) values (55,to_date('21/04/29','RR/MM/DD'),'0:0:0','-8:0:0',1,14,null);
Insert into EJOBB.BB_WEEK_WORK_STATISTIC (WEEK_WORK_STATISTIC_NO,STATISTIC_DATE,TOTAL_WORK_HOURS,TOTAL_EXTRA_WORK_HOURS,WORK_LATE_COUNT,WORK_COUNT,MEMBER_NO) values (56,to_date('21/04/29','RR/MM/DD'),'0:0:0','-8:0:0',1,14,null);
Insert into EJOBB.BB_WEEK_WORK_STATISTIC (WEEK_WORK_STATISTIC_NO,STATISTIC_DATE,TOTAL_WORK_HOURS,TOTAL_EXTRA_WORK_HOURS,WORK_LATE_COUNT,WORK_COUNT,MEMBER_NO) values (57,to_date('21/04/29','RR/MM/DD'),'0:0:0','-8:0:0',1,14,null);
Insert into EJOBB.BB_WEEK_WORK_STATISTIC (WEEK_WORK_STATISTIC_NO,STATISTIC_DATE,TOTAL_WORK_HOURS,TOTAL_EXTRA_WORK_HOURS,WORK_LATE_COUNT,WORK_COUNT,MEMBER_NO) values (58,to_date('21/04/29','RR/MM/DD'),'0:0:0','-8:0:0',1,14,null);
Insert into EJOBB.BB_WEEK_WORK_STATISTIC (WEEK_WORK_STATISTIC_NO,STATISTIC_DATE,TOTAL_WORK_HOURS,TOTAL_EXTRA_WORK_HOURS,WORK_LATE_COUNT,WORK_COUNT,MEMBER_NO) values (59,to_date('21/04/29','RR/MM/DD'),'0:0:0','-8:0:0',1,14,null);
Insert into EJOBB.BB_WEEK_WORK_STATISTIC (WEEK_WORK_STATISTIC_NO,STATISTIC_DATE,TOTAL_WORK_HOURS,TOTAL_EXTRA_WORK_HOURS,WORK_LATE_COUNT,WORK_COUNT,MEMBER_NO) values (60,to_date('21/04/29','RR/MM/DD'),'0:0:0','-8:0:0',1,14,null);
Insert into EJOBB.BB_WEEK_WORK_STATISTIC (WEEK_WORK_STATISTIC_NO,STATISTIC_DATE,TOTAL_WORK_HOURS,TOTAL_EXTRA_WORK_HOURS,WORK_LATE_COUNT,WORK_COUNT,MEMBER_NO) values (61,to_date('21/04/29','RR/MM/DD'),'0:0:0','-8:0:0',1,14,null);
Insert into EJOBB.BB_WEEK_WORK_STATISTIC (WEEK_WORK_STATISTIC_NO,STATISTIC_DATE,TOTAL_WORK_HOURS,TOTAL_EXTRA_WORK_HOURS,WORK_LATE_COUNT,WORK_COUNT,MEMBER_NO) values (62,to_date('21/04/29','RR/MM/DD'),'0:0:0','-8:0:0',1,14,null);
Insert into EJOBB.BB_WEEK_WORK_STATISTIC (WEEK_WORK_STATISTIC_NO,STATISTIC_DATE,TOTAL_WORK_HOURS,TOTAL_EXTRA_WORK_HOURS,WORK_LATE_COUNT,WORK_COUNT,MEMBER_NO) values (63,to_date('21/04/29','RR/MM/DD'),'0:0:0','-8:0:0',1,14,null);
Insert into EJOBB.BB_WEEK_WORK_STATISTIC (WEEK_WORK_STATISTIC_NO,STATISTIC_DATE,TOTAL_WORK_HOURS,TOTAL_EXTRA_WORK_HOURS,WORK_LATE_COUNT,WORK_COUNT,MEMBER_NO) values (64,to_date('21/04/29','RR/MM/DD'),'0:0:0','-8:0:0',1,14,null);
Insert into EJOBB.BB_WEEK_WORK_STATISTIC (WEEK_WORK_STATISTIC_NO,STATISTIC_DATE,TOTAL_WORK_HOURS,TOTAL_EXTRA_WORK_HOURS,WORK_LATE_COUNT,WORK_COUNT,MEMBER_NO) values (65,to_date('21/04/29','RR/MM/DD'),'0:0:0','-8:0:0',1,14,null);
Insert into EJOBB.BB_WEEK_WORK_STATISTIC (WEEK_WORK_STATISTIC_NO,STATISTIC_DATE,TOTAL_WORK_HOURS,TOTAL_EXTRA_WORK_HOURS,WORK_LATE_COUNT,WORK_COUNT,MEMBER_NO) values (66,to_date('21/04/29','RR/MM/DD'),'0:0:0','-8:0:0',1,14,null);
Insert into EJOBB.BB_WEEK_WORK_STATISTIC (WEEK_WORK_STATISTIC_NO,STATISTIC_DATE,TOTAL_WORK_HOURS,TOTAL_EXTRA_WORK_HOURS,WORK_LATE_COUNT,WORK_COUNT,MEMBER_NO) values (67,to_date('21/04/29','RR/MM/DD'),'0:0:0','-8:0:0',1,14,null);
REM INSERTING into EJOBB.BB_WORKCONTRACT
SET DEFINE OFF;
REM INSERTING into EJOBB.BB_WORKSTATUS
SET DEFINE OFF;
Insert into EJOBB.BB_WORKSTATUS (WORKSTATUS_NO,WORKDATE,COMMUTE,LEAVE_WORK,MEMBER_NO,WORKTYPE_CODE) values (1,'20210414',to_date('21/04/14','RR/MM/DD'),to_date('21/04/15','RR/MM/DD'),1,'B1');
Insert into EJOBB.BB_WORKSTATUS (WORKSTATUS_NO,WORKDATE,COMMUTE,LEAVE_WORK,MEMBER_NO,WORKTYPE_CODE) values (2,'20210414',to_date('21/04/14','RR/MM/DD'),to_date('21/04/15','RR/MM/DD'),2,'B2');
Insert into EJOBB.BB_WORKSTATUS (WORKSTATUS_NO,WORKDATE,COMMUTE,LEAVE_WORK,MEMBER_NO,WORKTYPE_CODE) values (3,'20210414',to_date('21/04/14','RR/MM/DD'),to_date('21/04/15','RR/MM/DD'),3,'B3');
Insert into EJOBB.BB_WORKSTATUS (WORKSTATUS_NO,WORKDATE,COMMUTE,LEAVE_WORK,MEMBER_NO,WORKTYPE_CODE) values (4,'20210414',to_date('21/04/14','RR/MM/DD'),to_date('21/04/15','RR/MM/DD'),4,'B4');
Insert into EJOBB.BB_WORKSTATUS (WORKSTATUS_NO,WORKDATE,COMMUTE,LEAVE_WORK,MEMBER_NO,WORKTYPE_CODE) values (5,'20210414',to_date('21/04/14','RR/MM/DD'),to_date('21/04/15','RR/MM/DD'),5,'B5');
Insert into EJOBB.BB_WORKSTATUS (WORKSTATUS_NO,WORKDATE,COMMUTE,LEAVE_WORK,MEMBER_NO,WORKTYPE_CODE) values (6,'20210414',to_date('21/04/14','RR/MM/DD'),to_date('21/04/15','RR/MM/DD'),6,'B6');
Insert into EJOBB.BB_WORKSTATUS (WORKSTATUS_NO,WORKDATE,COMMUTE,LEAVE_WORK,MEMBER_NO,WORKTYPE_CODE) values (7,'20210414',to_date('21/04/14','RR/MM/DD'),to_date('21/04/15','RR/MM/DD'),7,'B7');
Insert into EJOBB.BB_WORKSTATUS (WORKSTATUS_NO,WORKDATE,COMMUTE,LEAVE_WORK,MEMBER_NO,WORKTYPE_CODE) values (8,'20210414',to_date('21/04/14','RR/MM/DD'),to_date('21/04/15','RR/MM/DD'),8,'B2');
Insert into EJOBB.BB_WORKSTATUS (WORKSTATUS_NO,WORKDATE,COMMUTE,LEAVE_WORK,MEMBER_NO,WORKTYPE_CODE) values (9,'20210414',to_date('21/04/14','RR/MM/DD'),to_date('21/04/15','RR/MM/DD'),9,'B3');
Insert into EJOBB.BB_WORKSTATUS (WORKSTATUS_NO,WORKDATE,COMMUTE,LEAVE_WORK,MEMBER_NO,WORKTYPE_CODE) values (10,'20210414',to_date('21/04/14','RR/MM/DD'),to_date('21/04/15','RR/MM/DD'),10,'B4');
Insert into EJOBB.BB_WORKSTATUS (WORKSTATUS_NO,WORKDATE,COMMUTE,LEAVE_WORK,MEMBER_NO,WORKTYPE_CODE) values (11,'20210414',to_date('21/04/14','RR/MM/DD'),to_date('21/04/15','RR/MM/DD'),11,'B5');
Insert into EJOBB.BB_WORKSTATUS (WORKSTATUS_NO,WORKDATE,COMMUTE,LEAVE_WORK,MEMBER_NO,WORKTYPE_CODE) values (12,'20210414',to_date('21/04/14','RR/MM/DD'),to_date('21/04/15','RR/MM/DD'),12,'B6');
Insert into EJOBB.BB_WORKSTATUS (WORKSTATUS_NO,WORKDATE,COMMUTE,LEAVE_WORK,MEMBER_NO,WORKTYPE_CODE) values (13,'20210414',to_date('21/04/14','RR/MM/DD'),to_date('21/04/15','RR/MM/DD'),13,'B7');
Insert into EJOBB.BB_WORKSTATUS (WORKSTATUS_NO,WORKDATE,COMMUTE,LEAVE_WORK,MEMBER_NO,WORKTYPE_CODE) values (14,'20210414',to_date('21/04/14','RR/MM/DD'),to_date('21/04/15','RR/MM/DD'),14,'B1');
REM INSERTING into EJOBB.BB_WORKTYPE
SET DEFINE OFF;
Insert into EJOBB.BB_WORKTYPE (WORKTYPE_CODE,WORKTYPE_TYPE) values ('B1','업무');
Insert into EJOBB.BB_WORKTYPE (WORKTYPE_CODE,WORKTYPE_TYPE) values ('B2','휴가');
Insert into EJOBB.BB_WORKTYPE (WORKTYPE_CODE,WORKTYPE_TYPE) values ('B3','출장');
Insert into EJOBB.BB_WORKTYPE (WORKTYPE_CODE,WORKTYPE_TYPE) values ('B4','외근');
Insert into EJOBB.BB_WORKTYPE (WORKTYPE_CODE,WORKTYPE_TYPE) values ('B5','결근');
Insert into EJOBB.BB_WORKTYPE (WORKTYPE_CODE,WORKTYPE_TYPE) values ('B6','조퇴');
Insert into EJOBB.BB_WORKTYPE (WORKTYPE_CODE,WORKTYPE_TYPE) values ('B7','지각');
Insert into EJOBB.BB_WORKTYPE (WORKTYPE_CODE,WORKTYPE_TYPE) values ('B8','초과근무');
REM INSERTING into EJOBB.BB_WORK_SCHEDULE
SET DEFINE OFF;
Insert into EJOBB.BB_WORK_SCHEDULE (SCHEDULE_NO,MEMBER_NO,SCHEDULE_NAME,SCHEDULE_TYPE,START_DATE,END_DATE,SCHEDULE_LOCATION,ATTENDANCE_NAME,SCHEDULE_INFO,SCHEDULE_DELETE_STATUS,SCHEDULE_STATUS) values (1,1,'프로젝트 회의','부서일정',to_date('21/04/13','RR/MM/DD'),to_date('21/04/17','RR/MM/DD'),'502호','최지환, 송남규, 한지훈','프로젝트 회의','Y','Y');
Insert into EJOBB.BB_WORK_SCHEDULE (SCHEDULE_NO,MEMBER_NO,SCHEDULE_NAME,SCHEDULE_TYPE,START_DATE,END_DATE,SCHEDULE_LOCATION,ATTENDANCE_NAME,SCHEDULE_INFO,SCHEDULE_DELETE_STATUS,SCHEDULE_STATUS) values (2,2,'티타임','부서일정',to_date('21/02/22','RR/MM/DD'),to_date('21/03/02','RR/MM/DD'),'501호','최지환, 송남규, 한지훈, 김태헌, 이유진, 신승록, 최희상 ','리프레쉬 타임','Y','Y');
Insert into EJOBB.BB_WORK_SCHEDULE (SCHEDULE_NO,MEMBER_NO,SCHEDULE_NAME,SCHEDULE_TYPE,START_DATE,END_DATE,SCHEDULE_LOCATION,ATTENDANCE_NAME,SCHEDULE_INFO,SCHEDULE_DELETE_STATUS,SCHEDULE_STATUS) values (3,3,'개인 공부','개인일정',to_date('21/01/17','RR/MM/DD'),to_date('21/01/25','RR/MM/DD'),'501호','한지훈','자기 계발','Y','Y');
Insert into EJOBB.BB_WORK_SCHEDULE (SCHEDULE_NO,MEMBER_NO,SCHEDULE_NAME,SCHEDULE_TYPE,START_DATE,END_DATE,SCHEDULE_LOCATION,ATTENDANCE_NAME,SCHEDULE_INFO,SCHEDULE_DELETE_STATUS,SCHEDULE_STATUS) values (4,4,'영화 감상','개인일정',to_date('21/04/03','RR/MM/DD'),to_date('21/04/03','RR/MM/DD'),'402호','이유진','리프레쉬타임','Y','Y');
Insert into EJOBB.BB_WORK_SCHEDULE (SCHEDULE_NO,MEMBER_NO,SCHEDULE_NAME,SCHEDULE_TYPE,START_DATE,END_DATE,SCHEDULE_LOCATION,ATTENDANCE_NAME,SCHEDULE_INFO,SCHEDULE_DELETE_STATUS,SCHEDULE_STATUS) values (5,5,'스터디','부서일정',to_date('21/01/08','RR/MM/DD'),to_date('21/04/28','RR/MM/DD'),'401호','김태헌, 한지훈, 이유진','자바 스터디','Y','Y');
Insert into EJOBB.BB_WORK_SCHEDULE (SCHEDULE_NO,MEMBER_NO,SCHEDULE_NAME,SCHEDULE_TYPE,START_DATE,END_DATE,SCHEDULE_LOCATION,ATTENDANCE_NAME,SCHEDULE_INFO,SCHEDULE_DELETE_STATUS,SCHEDULE_STATUS) values (6,2,'새해','공휴일',to_date('21/01/01','RR/MM/DD'),to_date('21/01/01','RR/MM/DD'),'401호','김태헌, 한지훈, 이유진','새해','Y','Y');
Insert into EJOBB.BB_WORK_SCHEDULE (SCHEDULE_NO,MEMBER_NO,SCHEDULE_NAME,SCHEDULE_TYPE,START_DATE,END_DATE,SCHEDULE_LOCATION,ATTENDANCE_NAME,SCHEDULE_INFO,SCHEDULE_DELETE_STATUS,SCHEDULE_STATUS) values (7,2,'설날','공휴일',to_date('21/02/11','RR/MM/DD'),to_date('21/02/13','RR/MM/DD'),'401호','김태헌, 한지훈, 이유진','설날','Y','Y');
Insert into EJOBB.BB_WORK_SCHEDULE (SCHEDULE_NO,MEMBER_NO,SCHEDULE_NAME,SCHEDULE_TYPE,START_DATE,END_DATE,SCHEDULE_LOCATION,ATTENDANCE_NAME,SCHEDULE_INFO,SCHEDULE_DELETE_STATUS,SCHEDULE_STATUS) values (8,2,'삼일절','공휴일',to_date('21/03/01','RR/MM/DD'),to_date('21/03/01','RR/MM/DD'),'401호','김태헌, 한지훈, 이유진','삼일절','Y','Y');
Insert into EJOBB.BB_WORK_SCHEDULE (SCHEDULE_NO,MEMBER_NO,SCHEDULE_NAME,SCHEDULE_TYPE,START_DATE,END_DATE,SCHEDULE_LOCATION,ATTENDANCE_NAME,SCHEDULE_INFO,SCHEDULE_DELETE_STATUS,SCHEDULE_STATUS) values (9,2,'어린이날','공휴일',to_date('21/05/05','RR/MM/DD'),to_date('21/05/05','RR/MM/DD'),'401호','김태헌, 한지훈, 이유진','어린이날','Y','Y');
Insert into EJOBB.BB_WORK_SCHEDULE (SCHEDULE_NO,MEMBER_NO,SCHEDULE_NAME,SCHEDULE_TYPE,START_DATE,END_DATE,SCHEDULE_LOCATION,ATTENDANCE_NAME,SCHEDULE_INFO,SCHEDULE_DELETE_STATUS,SCHEDULE_STATUS) values (11,2,'현충일','공휴일',to_date('21/06/06','RR/MM/DD'),to_date('21/06/06','RR/MM/DD'),'401호','김태헌, 한지훈, 이유진','현충일','Y','Y');
Insert into EJOBB.BB_WORK_SCHEDULE (SCHEDULE_NO,MEMBER_NO,SCHEDULE_NAME,SCHEDULE_TYPE,START_DATE,END_DATE,SCHEDULE_LOCATION,ATTENDANCE_NAME,SCHEDULE_INFO,SCHEDULE_DELETE_STATUS,SCHEDULE_STATUS) values (12,2,'광복절','공휴일',to_date('21/08/15','RR/MM/DD'),to_date('21/08/15','RR/MM/DD'),'401호','김태헌, 한지훈, 이유진','광복절','Y','Y');
Insert into EJOBB.BB_WORK_SCHEDULE (SCHEDULE_NO,MEMBER_NO,SCHEDULE_NAME,SCHEDULE_TYPE,START_DATE,END_DATE,SCHEDULE_LOCATION,ATTENDANCE_NAME,SCHEDULE_INFO,SCHEDULE_DELETE_STATUS,SCHEDULE_STATUS) values (13,2,'추석','공휴일',to_date('21/10/20','RR/MM/DD'),to_date('21/10/22','RR/MM/DD'),'401호','김태헌, 한지훈, 이유진','추석','Y','Y');
Insert into EJOBB.BB_WORK_SCHEDULE (SCHEDULE_NO,MEMBER_NO,SCHEDULE_NAME,SCHEDULE_TYPE,START_DATE,END_DATE,SCHEDULE_LOCATION,ATTENDANCE_NAME,SCHEDULE_INFO,SCHEDULE_DELETE_STATUS,SCHEDULE_STATUS) values (14,2,'개천절','공휴일',to_date('21/10/03','RR/MM/DD'),to_date('21/10/03','RR/MM/DD'),'401호','김태헌, 한지훈, 이유진','개천절','Y','Y');
Insert into EJOBB.BB_WORK_SCHEDULE (SCHEDULE_NO,MEMBER_NO,SCHEDULE_NAME,SCHEDULE_TYPE,START_DATE,END_DATE,SCHEDULE_LOCATION,ATTENDANCE_NAME,SCHEDULE_INFO,SCHEDULE_DELETE_STATUS,SCHEDULE_STATUS) values (15,2,'한글날','공휴일',to_date('21/10/09','RR/MM/DD'),to_date('21/10/09','RR/MM/DD'),'401호','김태헌, 한지훈, 이유진','한글날','Y','Y');
Insert into EJOBB.BB_WORK_SCHEDULE (SCHEDULE_NO,MEMBER_NO,SCHEDULE_NAME,SCHEDULE_TYPE,START_DATE,END_DATE,SCHEDULE_LOCATION,ATTENDANCE_NAME,SCHEDULE_INFO,SCHEDULE_DELETE_STATUS,SCHEDULE_STATUS) values (16,2,'크리스마스','공휴일',to_date('21/12/25','RR/MM/DD'),to_date('21/12/25','RR/MM/DD'),'401호','김태헌, 한지훈, 이유진','크리스마스','Y','Y');
--------------------------------------------------------
--  Constraints for Table BB_LICENSE_CODE
--------------------------------------------------------

  ALTER TABLE "EJOBB"."BB_LICENSE_CODE" ADD PRIMARY KEY ("LICENSE_CODE_CODE")
  USING INDEX PCTFREE 10 INITRANS 2 MAXTRANS 255 COMPUTE STATISTICS 
  STORAGE(INITIAL 65536 NEXT 1048576 MINEXTENTS 1 MAXEXTENTS 2147483645
  PCTINCREASE 0 FREELISTS 1 FREELIST GROUPS 1 BUFFER_POOL DEFAULT FLASH_CACHE DEFAULT CELL_FLASH_CACHE DEFAULT)
  TABLESPACE "SYSTEM"  ENABLE;
  ALTER TABLE "EJOBB"."BB_LICENSE_CODE" MODIFY ("LICENSE_CODE_NAME" NOT NULL ENABLE);
--------------------------------------------------------
--  Constraints for Table BB_FAMILY_INFO
--------------------------------------------------------

  ALTER TABLE "EJOBB"."BB_FAMILY_INFO" ADD PRIMARY KEY ("FAMILY_INFO_NO")
  USING INDEX PCTFREE 10 INITRANS 2 MAXTRANS 255 COMPUTE STATISTICS 
  STORAGE(INITIAL 65536 NEXT 1048576 MINEXTENTS 1 MAXEXTENTS 2147483645
  PCTINCREASE 0 FREELISTS 1 FREELIST GROUPS 1 BUFFER_POOL DEFAULT FLASH_CACHE DEFAULT CELL_FLASH_CACHE DEFAULT)
  TABLESPACE "SYSTEM"  ENABLE;
  ALTER TABLE "EJOBB"."BB_FAMILY_INFO" ADD CHECK (FAMILY_STUDY IN ('중졸','고졸','학사', '석사')) ENABLE;
  ALTER TABLE "EJOBB"."BB_FAMILY_INFO" ADD CHECK (GENDER IN ('M','F','남','녀')) ENABLE;
  ALTER TABLE "EJOBB"."BB_FAMILY_INFO" ADD CHECK (FAMILY_RELATION IN('부','모','자','조부','조모')) ENABLE;
  ALTER TABLE "EJOBB"."BB_FAMILY_INFO" MODIFY ("FAMILY_JOB" NOT NULL ENABLE);
  ALTER TABLE "EJOBB"."BB_FAMILY_INFO" MODIFY ("FAMILY_BIRTHDAY" NOT NULL ENABLE);
  ALTER TABLE "EJOBB"."BB_FAMILY_INFO" MODIFY ("FAMILY_NAME" NOT NULL ENABLE);
--------------------------------------------------------
--  Constraints for Table BB_MODIFY_DRAFTING
--------------------------------------------------------

  ALTER TABLE "EJOBB"."BB_MODIFY_DRAFTING" ADD PRIMARY KEY ("MODI_DRAFTING_NO")
  USING INDEX PCTFREE 10 INITRANS 2 MAXTRANS 255 COMPUTE STATISTICS 
  STORAGE(INITIAL 65536 NEXT 1048576 MINEXTENTS 1 MAXEXTENTS 2147483645
  PCTINCREASE 0 FREELISTS 1 FREELIST GROUPS 1 BUFFER_POOL DEFAULT FLASH_CACHE DEFAULT CELL_FLASH_CACHE DEFAULT)
  TABLESPACE "SYSTEM"  ENABLE;
  ALTER TABLE "EJOBB"."BB_MODIFY_DRAFTING" MODIFY ("MODI_DRAFTING_EMERGENCY" NOT NULL ENABLE);
  ALTER TABLE "EJOBB"."BB_MODIFY_DRAFTING" MODIFY ("MODI_DRAFTING_DOCU_IN" NOT NULL ENABLE);
  ALTER TABLE "EJOBB"."BB_MODIFY_DRAFTING" MODIFY ("MODI_DRAFTING_DOCU_NAME" NOT NULL ENABLE);
  ALTER TABLE "EJOBB"."BB_MODIFY_DRAFTING" MODIFY ("MODI_DRAFTING_COMP_STATUS" NOT NULL ENABLE);
  ALTER TABLE "EJOBB"."BB_MODIFY_DRAFTING" MODIFY ("MODI_DRAFTING_DATE" NOT NULL ENABLE);
--------------------------------------------------------
--  Constraints for Table BB_CHAT_READ_STATUS
--------------------------------------------------------

  ALTER TABLE "EJOBB"."BB_CHAT_READ_STATUS" ADD CHECK (READ_STATUS IN ('Y','N')) ENABLE;
--------------------------------------------------------
--  Constraints for Table BB_ABSENCE
--------------------------------------------------------

  ALTER TABLE "EJOBB"."BB_ABSENCE" ADD PRIMARY KEY ("ABSENCE_NO")
  USING INDEX PCTFREE 10 INITRANS 2 MAXTRANS 255 COMPUTE STATISTICS 
  STORAGE(INITIAL 65536 NEXT 1048576 MINEXTENTS 1 MAXEXTENTS 2147483645
  PCTINCREASE 0 FREELISTS 1 FREELIST GROUPS 1 BUFFER_POOL DEFAULT FLASH_CACHE DEFAULT CELL_FLASH_CACHE DEFAULT)
  TABLESPACE "SYSTEM"  ENABLE;
  ALTER TABLE "EJOBB"."BB_ABSENCE" MODIFY ("ABSENCE_ABSUSED" NOT NULL ENABLE);
  ALTER TABLE "EJOBB"."BB_ABSENCE" MODIFY ("ABSENCE_USED" NOT NULL ENABLE);
  ALTER TABLE "EJOBB"."BB_ABSENCE" MODIFY ("ABSENCE_APPROVE" NOT NULL ENABLE);
  ALTER TABLE "EJOBB"."BB_ABSENCE" MODIFY ("ABSENCE_END" NOT NULL ENABLE);
  ALTER TABLE "EJOBB"."BB_ABSENCE" MODIFY ("ABSENCE_START" NOT NULL ENABLE);
--------------------------------------------------------
--  Constraints for Table BB_ARMY
--------------------------------------------------------

  ALTER TABLE "EJOBB"."BB_ARMY" ADD PRIMARY KEY ("ARMY_NO")
  USING INDEX PCTFREE 10 INITRANS 2 MAXTRANS 255 COMPUTE STATISTICS 
  STORAGE(INITIAL 65536 NEXT 1048576 MINEXTENTS 1 MAXEXTENTS 2147483645
  PCTINCREASE 0 FREELISTS 1 FREELIST GROUPS 1 BUFFER_POOL DEFAULT FLASH_CACHE DEFAULT CELL_FLASH_CACHE DEFAULT)
  TABLESPACE "SYSTEM"  ENABLE;
--------------------------------------------------------
--  Constraints for Table BB_MODIFY_BONUS
--------------------------------------------------------

  ALTER TABLE "EJOBB"."BB_MODIFY_BONUS" ADD PRIMARY KEY ("MODIFY_BONUS_NO")
  USING INDEX PCTFREE 10 INITRANS 2 MAXTRANS 255 COMPUTE STATISTICS 
  STORAGE(INITIAL 65536 NEXT 1048576 MINEXTENTS 1 MAXEXTENTS 2147483645
  PCTINCREASE 0 FREELISTS 1 FREELIST GROUPS 1 BUFFER_POOL DEFAULT FLASH_CACHE DEFAULT CELL_FLASH_CACHE DEFAULT)
  TABLESPACE "SYSTEM"  ENABLE;
  ALTER TABLE "EJOBB"."BB_MODIFY_BONUS" MODIFY ("MODIFY_BONUS_REASON" NOT NULL ENABLE);
  ALTER TABLE "EJOBB"."BB_MODIFY_BONUS" MODIFY ("MODIFY_BONUS_DATE" NOT NULL ENABLE);
--------------------------------------------------------
--  Constraints for Table BB_WEEK_WORK_STATISTIC
--------------------------------------------------------

  ALTER TABLE "EJOBB"."BB_WEEK_WORK_STATISTIC" ADD PRIMARY KEY ("WEEK_WORK_STATISTIC_NO")
  USING INDEX PCTFREE 10 INITRANS 2 MAXTRANS 255 COMPUTE STATISTICS 
  STORAGE(INITIAL 65536 NEXT 1048576 MINEXTENTS 1 MAXEXTENTS 2147483645
  PCTINCREASE 0 FREELISTS 1 FREELIST GROUPS 1 BUFFER_POOL DEFAULT FLASH_CACHE DEFAULT CELL_FLASH_CACHE DEFAULT)
  TABLESPACE "SYSTEM"  ENABLE;
  ALTER TABLE "EJOBB"."BB_WEEK_WORK_STATISTIC" MODIFY ("WORK_COUNT" NOT NULL ENABLE);
  ALTER TABLE "EJOBB"."BB_WEEK_WORK_STATISTIC" MODIFY ("TOTAL_WORK_HOURS" NOT NULL ENABLE);
  ALTER TABLE "EJOBB"."BB_WEEK_WORK_STATISTIC" MODIFY ("STATISTIC_DATE" NOT NULL ENABLE);
--------------------------------------------------------
--  Constraints for Table BB_CAREER
--------------------------------------------------------

  ALTER TABLE "EJOBB"."BB_CAREER" ADD PRIMARY KEY ("CAREER_NO")
  USING INDEX PCTFREE 10 INITRANS 2 MAXTRANS 255 COMPUTE STATISTICS 
  STORAGE(INITIAL 65536 NEXT 1048576 MINEXTENTS 1 MAXEXTENTS 2147483645
  PCTINCREASE 0 FREELISTS 1 FREELIST GROUPS 1 BUFFER_POOL DEFAULT FLASH_CACHE DEFAULT CELL_FLASH_CACHE DEFAULT)
  TABLESPACE "SYSTEM"  ENABLE;
  ALTER TABLE "EJOBB"."BB_CAREER" MODIFY ("CAREER_POSITION" NOT NULL ENABLE);
  ALTER TABLE "EJOBB"."BB_CAREER" MODIFY ("CAREER_END" NOT NULL ENABLE);
  ALTER TABLE "EJOBB"."BB_CAREER" MODIFY ("CAREER_START" NOT NULL ENABLE);
--------------------------------------------------------
--  Constraints for Table BB_READING
--------------------------------------------------------

  ALTER TABLE "EJOBB"."BB_READING" ADD PRIMARY KEY ("READING_NO")
  USING INDEX PCTFREE 10 INITRANS 2 MAXTRANS 255 COMPUTE STATISTICS 
  STORAGE(INITIAL 65536 NEXT 1048576 MINEXTENTS 1 MAXEXTENTS 2147483645
  PCTINCREASE 0 FREELISTS 1 FREELIST GROUPS 1 BUFFER_POOL DEFAULT FLASH_CACHE DEFAULT CELL_FLASH_CACHE DEFAULT)
  TABLESPACE "SYSTEM"  ENABLE;
  ALTER TABLE "EJOBB"."BB_READING" ADD CHECK (READING_CONFIRM IN ('참조', '열람')) ENABLE;
  ALTER TABLE "EJOBB"."BB_READING" MODIFY ("READING_CONFIRM" NOT NULL ENABLE);
  ALTER TABLE "EJOBB"."BB_READING" MODIFY ("READING_DIVISION" NOT NULL ENABLE);
--------------------------------------------------------
--  Constraints for Table BB_WORKCONTRACT
--------------------------------------------------------

  ALTER TABLE "EJOBB"."BB_WORKCONTRACT" ADD PRIMARY KEY ("WORKCONTRACT_NO")
  USING INDEX PCTFREE 10 INITRANS 2 MAXTRANS 255 COMPUTE STATISTICS 
  STORAGE(INITIAL 65536 NEXT 1048576 MINEXTENTS 1 MAXEXTENTS 2147483645
  PCTINCREASE 0 FREELISTS 1 FREELIST GROUPS 1 BUFFER_POOL DEFAULT FLASH_CACHE DEFAULT CELL_FLASH_CACHE DEFAULT)
  TABLESPACE "SYSTEM"  ENABLE;
  ALTER TABLE "EJOBB"."BB_WORKCONTRACT" MODIFY ("SAVED_NAME" NOT NULL ENABLE);
  ALTER TABLE "EJOBB"."BB_WORKCONTRACT" MODIFY ("ORIGINAL_NAME" NOT NULL ENABLE);
--------------------------------------------------------
--  Constraints for Table BB_WORKTYPE
--------------------------------------------------------

  ALTER TABLE "EJOBB"."BB_WORKTYPE" ADD PRIMARY KEY ("WORKTYPE_CODE")
  USING INDEX PCTFREE 10 INITRANS 2 MAXTRANS 255 COMPUTE STATISTICS 
  STORAGE(INITIAL 65536 NEXT 1048576 MINEXTENTS 1 MAXEXTENTS 2147483645
  PCTINCREASE 0 FREELISTS 1 FREELIST GROUPS 1 BUFFER_POOL DEFAULT FLASH_CACHE DEFAULT CELL_FLASH_CACHE DEFAULT)
  TABLESPACE "SYSTEM"  ENABLE;
  ALTER TABLE "EJOBB"."BB_WORKTYPE" ADD CHECK (WORKTYPE_TYPE IN ('업무', '휴가', '출장', '외근', '결근', '조퇴', '지각', '초과근무')) ENABLE;
--------------------------------------------------------
--  Constraints for Table BB_SPOT
--------------------------------------------------------

  ALTER TABLE "EJOBB"."BB_SPOT" ADD PRIMARY KEY ("SPOT_CODE")
  USING INDEX PCTFREE 10 INITRANS 2 MAXTRANS 255 COMPUTE STATISTICS 
  STORAGE(INITIAL 65536 NEXT 1048576 MINEXTENTS 1 MAXEXTENTS 2147483645
  PCTINCREASE 0 FREELISTS 1 FREELIST GROUPS 1 BUFFER_POOL DEFAULT FLASH_CACHE DEFAULT CELL_FLASH_CACHE DEFAULT)
  TABLESPACE "SYSTEM"  ENABLE;
  ALTER TABLE "EJOBB"."BB_SPOT" MODIFY ("SPOT_NAME" NOT NULL ENABLE);
--------------------------------------------------------
--  Constraints for Table BB_CHAT
--------------------------------------------------------

  ALTER TABLE "EJOBB"."BB_CHAT" ADD PRIMARY KEY ("CHAT_CODE")
  USING INDEX PCTFREE 10 INITRANS 2 MAXTRANS 255 COMPUTE STATISTICS 
  STORAGE(INITIAL 65536 NEXT 1048576 MINEXTENTS 1 MAXEXTENTS 2147483645
  PCTINCREASE 0 FREELISTS 1 FREELIST GROUPS 1 BUFFER_POOL DEFAULT FLASH_CACHE DEFAULT CELL_FLASH_CACHE DEFAULT)
  TABLESPACE "SYSTEM"  ENABLE;
  ALTER TABLE "EJOBB"."BB_CHAT" MODIFY ("CHAT_BODY" NOT NULL ENABLE);
--------------------------------------------------------
--  Constraints for Table BB_CHATROOM_NO
--------------------------------------------------------

  ALTER TABLE "EJOBB"."BB_CHATROOM_NO" ADD PRIMARY KEY ("CHATROOM_NO")
  USING INDEX PCTFREE 10 INITRANS 2 MAXTRANS 255 COMPUTE STATISTICS 
  STORAGE(INITIAL 65536 NEXT 1048576 MINEXTENTS 1 MAXEXTENTS 2147483645
  PCTINCREASE 0 FREELISTS 1 FREELIST GROUPS 1 BUFFER_POOL DEFAULT FLASH_CACHE DEFAULT CELL_FLASH_CACHE DEFAULT)
  TABLESPACE "SYSTEM"  ENABLE;
--------------------------------------------------------
--  Constraints for Table BB_LINE_MEM
--------------------------------------------------------

  ALTER TABLE "EJOBB"."BB_LINE_MEM" ADD PRIMARY KEY ("LINE_NO")
  USING INDEX PCTFREE 10 INITRANS 2 MAXTRANS 255 COMPUTE STATISTICS 
  STORAGE(INITIAL 65536 NEXT 1048576 MINEXTENTS 1 MAXEXTENTS 2147483645
  PCTINCREASE 0 FREELISTS 1 FREELIST GROUPS 1 BUFFER_POOL DEFAULT FLASH_CACHE DEFAULT CELL_FLASH_CACHE DEFAULT)
  TABLESPACE "SYSTEM"  ENABLE;
  ALTER TABLE "EJOBB"."BB_LINE_MEM" ADD CHECK (LINE_KINDS IN ('휴가', '출장', '외근', '근무')) ENABLE;
  ALTER TABLE "EJOBB"."BB_LINE_MEM" ADD CHECK (LINE_PKINDS IN('승인', '대기')) ENABLE;
  ALTER TABLE "EJOBB"."BB_LINE_MEM" MODIFY ("LINE_KINDS" NOT NULL ENABLE);
  ALTER TABLE "EJOBB"."BB_LINE_MEM" MODIFY ("LINE_PKINDS" NOT NULL ENABLE);
  ALTER TABLE "EJOBB"."BB_LINE_MEM" MODIFY ("LINE_BODY" NOT NULL ENABLE);
--------------------------------------------------------
--  Constraints for Table BB_MODIFY_PAYMENT_FORM
--------------------------------------------------------

  ALTER TABLE "EJOBB"."BB_MODIFY_PAYMENT_FORM" ADD PRIMARY KEY ("MODIFY_PAYMENT_NO")
  USING INDEX PCTFREE 10 INITRANS 2 MAXTRANS 255 COMPUTE STATISTICS 
  STORAGE(INITIAL 65536 NEXT 1048576 MINEXTENTS 1 MAXEXTENTS 2147483645
  PCTINCREASE 0 FREELISTS 1 FREELIST GROUPS 1 BUFFER_POOL DEFAULT FLASH_CACHE DEFAULT CELL_FLASH_CACHE DEFAULT)
  TABLESPACE "SYSTEM"  ENABLE;
  ALTER TABLE "EJOBB"."BB_MODIFY_PAYMENT_FORM" MODIFY ("MODIFY_THUMBNAIL" NOT NULL ENABLE);
  ALTER TABLE "EJOBB"."BB_MODIFY_PAYMENT_FORM" MODIFY ("MODIFY_REPERIOD" NOT NULL ENABLE);
  ALTER TABLE "EJOBB"."BB_MODIFY_PAYMENT_FORM" MODIFY ("MODIFY_FORM_CONTENTS" NOT NULL ENABLE);
  ALTER TABLE "EJOBB"."BB_MODIFY_PAYMENT_FORM" MODIFY ("MODIFY_FORM_NAME" NOT NULL ENABLE);
  ALTER TABLE "EJOBB"."BB_MODIFY_PAYMENT_FORM" MODIFY ("MODIFY_CHANGE_DATE" NOT NULL ENABLE);
--------------------------------------------------------
--  Constraints for Table BB_FORM_VACATION
--------------------------------------------------------

  ALTER TABLE "EJOBB"."BB_FORM_VACATION" ADD PRIMARY KEY ("FORM_VACATION_NO")
  USING INDEX PCTFREE 10 INITRANS 2 MAXTRANS 255 COMPUTE STATISTICS 
  STORAGE(INITIAL 65536 NEXT 1048576 MINEXTENTS 1 MAXEXTENTS 2147483645
  PCTINCREASE 0 FREELISTS 1 FREELIST GROUPS 1 BUFFER_POOL DEFAULT FLASH_CACHE DEFAULT CELL_FLASH_CACHE DEFAULT)
  TABLESPACE "SYSTEM"  ENABLE;
  ALTER TABLE "EJOBB"."BB_FORM_VACATION" ADD CHECK (ANNUAL_TYPE IN ('연차', '조퇴', '지각', '경조', '공가', '질병휴가', '반차')) ENABLE;
  ALTER TABLE "EJOBB"."BB_FORM_VACATION" MODIFY ("VACATION_END" NOT NULL ENABLE);
  ALTER TABLE "EJOBB"."BB_FORM_VACATION" MODIFY ("VACATION_START" NOT NULL ENABLE);
  ALTER TABLE "EJOBB"."BB_FORM_VACATION" MODIFY ("ANNUAL_TYPE" NOT NULL ENABLE);
--------------------------------------------------------
--  Constraints for Table BB_REVIEW
--------------------------------------------------------

  ALTER TABLE "EJOBB"."BB_REVIEW" ADD PRIMARY KEY ("PER_NO")
  USING INDEX PCTFREE 10 INITRANS 2 MAXTRANS 255 COMPUTE STATISTICS 
  STORAGE(INITIAL 65536 NEXT 1048576 MINEXTENTS 1 MAXEXTENTS 2147483645
  PCTINCREASE 0 FREELISTS 1 FREELIST GROUPS 1 BUFFER_POOL DEFAULT FLASH_CACHE DEFAULT CELL_FLASH_CACHE DEFAULT)
  TABLESPACE "SYSTEM"  ENABLE;
  ALTER TABLE "EJOBB"."BB_REVIEW" MODIFY ("ATT_THREE" NOT NULL ENABLE);
  ALTER TABLE "EJOBB"."BB_REVIEW" MODIFY ("ATT_TWO" NOT NULL ENABLE);
  ALTER TABLE "EJOBB"."BB_REVIEW" MODIFY ("ATT_ONE" NOT NULL ENABLE);
  ALTER TABLE "EJOBB"."BB_REVIEW" MODIFY ("ABIL_FOUR" NOT NULL ENABLE);
  ALTER TABLE "EJOBB"."BB_REVIEW" MODIFY ("ABIL_THREE" NOT NULL ENABLE);
  ALTER TABLE "EJOBB"."BB_REVIEW" MODIFY ("ABIL_TWO" NOT NULL ENABLE);
  ALTER TABLE "EJOBB"."BB_REVIEW" MODIFY ("ABIL_ONE" NOT NULL ENABLE);
  ALTER TABLE "EJOBB"."BB_REVIEW" MODIFY ("ACH_THREE" NOT NULL ENABLE);
  ALTER TABLE "EJOBB"."BB_REVIEW" MODIFY ("ACH_TWO" NOT NULL ENABLE);
  ALTER TABLE "EJOBB"."BB_REVIEW" MODIFY ("ACH_ONE" NOT NULL ENABLE);
  ALTER TABLE "EJOBB"."BB_REVIEW" MODIFY ("REVIEW_DATE" NOT NULL ENABLE);
--------------------------------------------------------
--  Constraints for Table BB_LINE_CODE
--------------------------------------------------------

  ALTER TABLE "EJOBB"."BB_LINE_CODE" ADD PRIMARY KEY ("LINECODE_NO")
  USING INDEX PCTFREE 10 INITRANS 2 MAXTRANS 255 COMPUTE STATISTICS 
  STORAGE(INITIAL 65536 NEXT 1048576 MINEXTENTS 1 MAXEXTENTS 2147483645
  PCTINCREASE 0 FREELISTS 1 FREELIST GROUPS 1 BUFFER_POOL DEFAULT FLASH_CACHE DEFAULT CELL_FLASH_CACHE DEFAULT)
  TABLESPACE "SYSTEM"  ENABLE;
  ALTER TABLE "EJOBB"."BB_LINE_CODE" MODIFY ("LINE_FIRST" NOT NULL ENABLE);
--------------------------------------------------------
--  Constraints for Table BB_FINAL_ACADEMIC_ABILITY
--------------------------------------------------------

  ALTER TABLE "EJOBB"."BB_FINAL_ACADEMIC_ABILITY" ADD PRIMARY KEY ("ACADEMIC_ABILITY_NO")
  USING INDEX PCTFREE 10 INITRANS 2 MAXTRANS 255 COMPUTE STATISTICS 
  STORAGE(INITIAL 65536 NEXT 1048576 MINEXTENTS 1 MAXEXTENTS 2147483645
  PCTINCREASE 0 FREELISTS 1 FREELIST GROUPS 1 BUFFER_POOL DEFAULT FLASH_CACHE DEFAULT CELL_FLASH_CACHE DEFAULT)
  TABLESPACE "SYSTEM"  ENABLE;
  ALTER TABLE "EJOBB"."BB_FINAL_ACADEMIC_ABILITY" ADD CHECK (GRADUATE_STATUS IN('Y','N')) ENABLE;
  ALTER TABLE "EJOBB"."BB_FINAL_ACADEMIC_ABILITY" MODIFY ("ACADEMIC_CODE" NOT NULL ENABLE);
  ALTER TABLE "EJOBB"."BB_FINAL_ACADEMIC_ABILITY" MODIFY ("FINAL_GRADUATE_NAME" NOT NULL ENABLE);
  ALTER TABLE "EJOBB"."BB_FINAL_ACADEMIC_ABILITY" MODIFY ("GRADUATE_DATE" NOT NULL ENABLE);
  ALTER TABLE "EJOBB"."BB_FINAL_ACADEMIC_ABILITY" MODIFY ("SCHOOL_SUBJECT" NOT NULL ENABLE);
  ALTER TABLE "EJOBB"."BB_FINAL_ACADEMIC_ABILITY" MODIFY ("SCHOOL_NAME" NOT NULL ENABLE);
--------------------------------------------------------
--  Constraints for Table BB_ALRAM_TYPE
--------------------------------------------------------

  ALTER TABLE "EJOBB"."BB_ALRAM_TYPE" ADD PRIMARY KEY ("ALRAM_CODE")
  USING INDEX PCTFREE 10 INITRANS 2 MAXTRANS 255 COMPUTE STATISTICS 
  STORAGE(INITIAL 65536 NEXT 1048576 MINEXTENTS 1 MAXEXTENTS 2147483645
  PCTINCREASE 0 FREELISTS 1 FREELIST GROUPS 1 BUFFER_POOL DEFAULT FLASH_CACHE DEFAULT CELL_FLASH_CACHE DEFAULT)
  TABLESPACE "SYSTEM"  ENABLE;
  ALTER TABLE "EJOBB"."BB_ALRAM_TYPE" MODIFY ("ALRAM_NO" NOT NULL ENABLE);
  ALTER TABLE "EJOBB"."BB_ALRAM_TYPE" MODIFY ("ALRAM_NAME" NOT NULL ENABLE);
--------------------------------------------------------
--  Constraints for Table BB_WORK_SCHEDULE
--------------------------------------------------------

  ALTER TABLE "EJOBB"."BB_WORK_SCHEDULE" ADD PRIMARY KEY ("SCHEDULE_NO")
  USING INDEX PCTFREE 10 INITRANS 2 MAXTRANS 255 COMPUTE STATISTICS 
  STORAGE(INITIAL 65536 NEXT 1048576 MINEXTENTS 1 MAXEXTENTS 2147483645
  PCTINCREASE 0 FREELISTS 1 FREELIST GROUPS 1 BUFFER_POOL DEFAULT FLASH_CACHE DEFAULT CELL_FLASH_CACHE DEFAULT)
  TABLESPACE "SYSTEM"  ENABLE;
  ALTER TABLE "EJOBB"."BB_WORK_SCHEDULE" ADD CHECK (SCHEDULE_STATUS IN('Y','N')) ENABLE;
  ALTER TABLE "EJOBB"."BB_WORK_SCHEDULE" ADD CHECK (SCHEDULE_DELETE_STATUS IN('Y','N')) ENABLE;
  ALTER TABLE "EJOBB"."BB_WORK_SCHEDULE" ADD CHECK (SCHEDULE_TYPE IN('개인일정', '부서일정','공휴일')) ENABLE;
  ALTER TABLE "EJOBB"."BB_WORK_SCHEDULE" MODIFY ("SCHEDULE_INFO" NOT NULL ENABLE);
  ALTER TABLE "EJOBB"."BB_WORK_SCHEDULE" MODIFY ("END_DATE" NOT NULL ENABLE);
  ALTER TABLE "EJOBB"."BB_WORK_SCHEDULE" MODIFY ("START_DATE" NOT NULL ENABLE);
  ALTER TABLE "EJOBB"."BB_WORK_SCHEDULE" MODIFY ("SCHEDULE_NAME" NOT NULL ENABLE);
--------------------------------------------------------
--  Constraints for Table BB_CERTIFICATE
--------------------------------------------------------

  ALTER TABLE "EJOBB"."BB_CERTIFICATE" ADD PRIMARY KEY ("CERTIFICATE_NO")
  USING INDEX PCTFREE 10 INITRANS 2 MAXTRANS 255 COMPUTE STATISTICS 
  STORAGE(INITIAL 65536 NEXT 1048576 MINEXTENTS 1 MAXEXTENTS 2147483645
  PCTINCREASE 0 FREELISTS 1 FREELIST GROUPS 1 BUFFER_POOL DEFAULT FLASH_CACHE DEFAULT CELL_FLASH_CACHE DEFAULT)
  TABLESPACE "SYSTEM"  ENABLE;
  ALTER TABLE "EJOBB"."BB_CERTIFICATE" MODIFY ("CERTIFICATE_END_DATE" NOT NULL ENABLE);
  ALTER TABLE "EJOBB"."BB_CERTIFICATE" MODIFY ("CERTIFICATE_START_DATE" NOT NULL ENABLE);
--------------------------------------------------------
--  Constraints for Table BB_FINAL_ACADEMIC_CODE
--------------------------------------------------------

  ALTER TABLE "EJOBB"."BB_FINAL_ACADEMIC_CODE" ADD PRIMARY KEY ("ACADEMIC_CODE")
  USING INDEX PCTFREE 10 INITRANS 2 MAXTRANS 255 COMPUTE STATISTICS 
  STORAGE(INITIAL 65536 NEXT 1048576 MINEXTENTS 1 MAXEXTENTS 2147483645
  PCTINCREASE 0 FREELISTS 1 FREELIST GROUPS 1 BUFFER_POOL DEFAULT FLASH_CACHE DEFAULT CELL_FLASH_CACHE DEFAULT)
  TABLESPACE "SYSTEM"  ENABLE;
  ALTER TABLE "EJOBB"."BB_FINAL_ACADEMIC_CODE" MODIFY ("ACADEMIC_NAME" NOT NULL ENABLE);
--------------------------------------------------------
--  Constraints for Table BB_LICENSE
--------------------------------------------------------

  ALTER TABLE "EJOBB"."BB_LICENSE" ADD PRIMARY KEY ("LICENSE_NO")
  USING INDEX PCTFREE 10 INITRANS 2 MAXTRANS 255 COMPUTE STATISTICS 
  STORAGE(INITIAL 65536 NEXT 1048576 MINEXTENTS 1 MAXEXTENTS 2147483645
  PCTINCREASE 0 FREELISTS 1 FREELIST GROUPS 1 BUFFER_POOL DEFAULT FLASH_CACHE DEFAULT CELL_FLASH_CACHE DEFAULT)
  TABLESPACE "SYSTEM"  ENABLE;
  ALTER TABLE "EJOBB"."BB_LICENSE" MODIFY ("LICENSE_DATE" NOT NULL ENABLE);
--------------------------------------------------------
--  Constraints for Table BB_PAYMENT_FORM
--------------------------------------------------------

  ALTER TABLE "EJOBB"."BB_PAYMENT_FORM" ADD PRIMARY KEY ("PAYMENT_NO")
  USING INDEX PCTFREE 10 INITRANS 2 MAXTRANS 255 COMPUTE STATISTICS 
  STORAGE(INITIAL 65536 NEXT 1048576 MINEXTENTS 1 MAXEXTENTS 2147483645
  PCTINCREASE 0 FREELISTS 1 FREELIST GROUPS 1 BUFFER_POOL DEFAULT FLASH_CACHE DEFAULT CELL_FLASH_CACHE DEFAULT)
  TABLESPACE "SYSTEM"  ENABLE;
  ALTER TABLE "EJOBB"."BB_PAYMENT_FORM" MODIFY ("PAYMENT_REPERIOD" NOT NULL ENABLE);
  ALTER TABLE "EJOBB"."BB_PAYMENT_FORM" MODIFY ("PAYMENT_CONTENTS" NOT NULL ENABLE);
  ALTER TABLE "EJOBB"."BB_PAYMENT_FORM" MODIFY ("PAYMENT_NAME" NOT NULL ENABLE);
--------------------------------------------------------
--  Constraints for Table BB_DRAFTING
--------------------------------------------------------

  ALTER TABLE "EJOBB"."BB_DRAFTING" ADD PRIMARY KEY ("DRAFTING_NO")
  USING INDEX PCTFREE 10 INITRANS 2 MAXTRANS 255 COMPUTE STATISTICS 
  STORAGE(INITIAL 65536 NEXT 1048576 MINEXTENTS 1 MAXEXTENTS 2147483645
  PCTINCREASE 0 FREELISTS 1 FREELIST GROUPS 1 BUFFER_POOL DEFAULT FLASH_CACHE DEFAULT CELL_FLASH_CACHE DEFAULT)
  TABLESPACE "SYSTEM"  ENABLE;
  ALTER TABLE "EJOBB"."BB_DRAFTING" ADD CHECK (DRAFTING_COMPLETE_STATUS IN('승인','반려','대기','대결')) ENABLE;
  ALTER TABLE "EJOBB"."BB_DRAFTING" MODIFY ("DRAFTING_EMERGENCY" NOT NULL ENABLE);
  ALTER TABLE "EJOBB"."BB_DRAFTING" MODIFY ("DRAFTING_DOCUMENTS_CONTENTS" NOT NULL ENABLE);
  ALTER TABLE "EJOBB"."BB_DRAFTING" MODIFY ("DRAFTING_DOCUMENTS_NAME" NOT NULL ENABLE);
  ALTER TABLE "EJOBB"."BB_DRAFTING" MODIFY ("DRAFTING_DATE" NOT NULL ENABLE);
--------------------------------------------------------
--  Constraints for Table BB_EMAIL
--------------------------------------------------------

  ALTER TABLE "EJOBB"."BB_EMAIL" ADD PRIMARY KEY ("EMAIL_NO")
  USING INDEX PCTFREE 10 INITRANS 2 MAXTRANS 255 COMPUTE STATISTICS 
  STORAGE(INITIAL 65536 NEXT 1048576 MINEXTENTS 1 MAXEXTENTS 2147483645
  PCTINCREASE 0 FREELISTS 1 FREELIST GROUPS 1 BUFFER_POOL DEFAULT FLASH_CACHE DEFAULT CELL_FLASH_CACHE DEFAULT)
  TABLESPACE "SYSTEM"  ENABLE;
  ALTER TABLE "EJOBB"."BB_EMAIL" MODIFY ("EMAIL_ADDRESS" NOT NULL ENABLE);
  ALTER TABLE "EJOBB"."BB_EMAIL" MODIFY ("EMAIL_BODY" NOT NULL ENABLE);
  ALTER TABLE "EJOBB"."BB_EMAIL" MODIFY ("EMAIL_TITLE" NOT NULL ENABLE);
--------------------------------------------------------
--  Constraints for Table BB_BOARD
--------------------------------------------------------

  ALTER TABLE "EJOBB"."BB_BOARD" ADD PRIMARY KEY ("BOARD_NO")
  USING INDEX PCTFREE 10 INITRANS 2 MAXTRANS 255 COMPUTE STATISTICS 
  STORAGE(INITIAL 65536 NEXT 1048576 MINEXTENTS 1 MAXEXTENTS 2147483645
  PCTINCREASE 0 FREELISTS 1 FREELIST GROUPS 1 BUFFER_POOL DEFAULT FLASH_CACHE DEFAULT CELL_FLASH_CACHE DEFAULT)
  TABLESPACE "SYSTEM"  ENABLE;
  ALTER TABLE "EJOBB"."BB_BOARD" ADD CHECK (BOARD_STATUS IN('Y','N')) ENABLE;
  ALTER TABLE "EJOBB"."BB_BOARD" ADD CHECK (BOARD_TYPE IN('인사','자유','공지')) ENABLE;
  ALTER TABLE "EJOBB"."BB_BOARD" MODIFY ("BOARD_WRITER" NOT NULL ENABLE);
  ALTER TABLE "EJOBB"."BB_BOARD" MODIFY ("BOARD_BODY" NOT NULL ENABLE);
  ALTER TABLE "EJOBB"."BB_BOARD" MODIFY ("BOARD_TITLE" NOT NULL ENABLE);
--------------------------------------------------------
--  Constraints for Table BB_MODIFY_WORK_STATUS
--------------------------------------------------------

  ALTER TABLE "EJOBB"."BB_MODIFY_WORK_STATUS" ADD PRIMARY KEY ("MODIFY_NO")
  USING INDEX PCTFREE 10 INITRANS 2 MAXTRANS 255 COMPUTE STATISTICS 
  STORAGE(INITIAL 65536 NEXT 1048576 MINEXTENTS 1 MAXEXTENTS 2147483645
  PCTINCREASE 0 FREELISTS 1 FREELIST GROUPS 1 BUFFER_POOL DEFAULT FLASH_CACHE DEFAULT CELL_FLASH_CACHE DEFAULT)
  TABLESPACE "SYSTEM"  ENABLE;
  ALTER TABLE "EJOBB"."BB_MODIFY_WORK_STATUS" MODIFY ("MODIFY_REASON" NOT NULL ENABLE);
  ALTER TABLE "EJOBB"."BB_MODIFY_WORK_STATUS" MODIFY ("MODIFY_LEAVE_WORK" NOT NULL ENABLE);
  ALTER TABLE "EJOBB"."BB_MODIFY_WORK_STATUS" MODIFY ("MODIFY_COMMUTE" NOT NULL ENABLE);
  ALTER TABLE "EJOBB"."BB_MODIFY_WORK_STATUS" MODIFY ("MODIFY_DATE" NOT NULL ENABLE);
--------------------------------------------------------
--  Constraints for Table BB_FINAL_ACADEMIC
--------------------------------------------------------

  ALTER TABLE "EJOBB"."BB_FINAL_ACADEMIC" ADD PRIMARY KEY ("ACADEMIC_CODE")
  USING INDEX PCTFREE 10 INITRANS 2 MAXTRANS 255 COMPUTE STATISTICS 
  STORAGE(INITIAL 65536 NEXT 1048576 MINEXTENTS 1 MAXEXTENTS 2147483645
  PCTINCREASE 0 FREELISTS 1 FREELIST GROUPS 1 BUFFER_POOL DEFAULT FLASH_CACHE DEFAULT CELL_FLASH_CACHE DEFAULT)
  TABLESPACE "SYSTEM"  ENABLE;
  ALTER TABLE "EJOBB"."BB_FINAL_ACADEMIC" MODIFY ("ACADEMIC_NAME" NOT NULL ENABLE);
--------------------------------------------------------
--  Constraints for Table BB_CERTIFICATE_CODE
--------------------------------------------------------

  ALTER TABLE "EJOBB"."BB_CERTIFICATE_CODE" ADD PRIMARY KEY ("CERTIFICATE_CODE")
  USING INDEX PCTFREE 10 INITRANS 2 MAXTRANS 255 COMPUTE STATISTICS 
  STORAGE(INITIAL 65536 NEXT 1048576 MINEXTENTS 1 MAXEXTENTS 2147483645
  PCTINCREASE 0 FREELISTS 1 FREELIST GROUPS 1 BUFFER_POOL DEFAULT FLASH_CACHE DEFAULT CELL_FLASH_CACHE DEFAULT)
  TABLESPACE "SYSTEM"  ENABLE;
  ALTER TABLE "EJOBB"."BB_CERTIFICATE_CODE" MODIFY ("CERTIFICATE_NAME" NOT NULL ENABLE);
--------------------------------------------------------
--  Constraints for Table BB_APPROVE
--------------------------------------------------------

  ALTER TABLE "EJOBB"."BB_APPROVE" ADD PRIMARY KEY ("APPROVE_CODE")
  USING INDEX PCTFREE 10 INITRANS 2 MAXTRANS 255 COMPUTE STATISTICS 
  STORAGE(INITIAL 65536 NEXT 1048576 MINEXTENTS 1 MAXEXTENTS 2147483645
  PCTINCREASE 0 FREELISTS 1 FREELIST GROUPS 1 BUFFER_POOL DEFAULT FLASH_CACHE DEFAULT CELL_FLASH_CACHE DEFAULT)
  TABLESPACE "SYSTEM"  ENABLE;
  ALTER TABLE "EJOBB"."BB_APPROVE" ADD CHECK (APPROVE_STATUS IN ('대기', '보류', '반려', '승인')) ENABLE;
  ALTER TABLE "EJOBB"."BB_APPROVE" MODIFY ("APPROVE_STATUS" NOT NULL ENABLE);
--------------------------------------------------------
--  Constraints for Table BB_MEMBER_INFO
--------------------------------------------------------

  ALTER TABLE "EJOBB"."BB_MEMBER_INFO" ADD PRIMARY KEY ("MEMBER_INFO_NO")
  USING INDEX PCTFREE 10 INITRANS 2 MAXTRANS 255 COMPUTE STATISTICS 
  STORAGE(INITIAL 65536 NEXT 1048576 MINEXTENTS 1 MAXEXTENTS 2147483645
  PCTINCREASE 0 FREELISTS 1 FREELIST GROUPS 1 BUFFER_POOL DEFAULT FLASH_CACHE DEFAULT CELL_FLASH_CACHE DEFAULT)
  TABLESPACE "SYSTEM"  ENABLE;
  ALTER TABLE "EJOBB"."BB_MEMBER_INFO" MODIFY ("ACCOUNT_HOST" NOT NULL ENABLE);
  ALTER TABLE "EJOBB"."BB_MEMBER_INFO" MODIFY ("MEMBER_ACCOUNT_BANK" NOT NULL ENABLE);
  ALTER TABLE "EJOBB"."BB_MEMBER_INFO" MODIFY ("MEMBER_ACCOUNT_NO" NOT NULL ENABLE);
  ALTER TABLE "EJOBB"."BB_MEMBER_INFO" MODIFY ("MEMBER_ADDRESS" NOT NULL ENABLE);
--------------------------------------------------------
--  Constraints for Table BB_ALRAM
--------------------------------------------------------

  ALTER TABLE "EJOBB"."BB_ALRAM" ADD PRIMARY KEY ("ALRAM_NO")
  USING INDEX PCTFREE 10 INITRANS 2 MAXTRANS 255 COMPUTE STATISTICS 
  STORAGE(INITIAL 65536 NEXT 1048576 MINEXTENTS 1 MAXEXTENTS 2147483645
  PCTINCREASE 0 FREELISTS 1 FREELIST GROUPS 1 BUFFER_POOL DEFAULT FLASH_CACHE DEFAULT CELL_FLASH_CACHE DEFAULT)
  TABLESPACE "SYSTEM"  ENABLE;
  ALTER TABLE "EJOBB"."BB_ALRAM" ADD CHECK (ALRAM_STATUS IN('Y', 'N')) ENABLE;
  ALTER TABLE "EJOBB"."BB_ALRAM" MODIFY ("ALRAM_BODY" NOT NULL ENABLE);
--------------------------------------------------------
--  Constraints for Table BB_ROLE
--------------------------------------------------------

  ALTER TABLE "EJOBB"."BB_ROLE" ADD PRIMARY KEY ("ROLE_NO")
  USING INDEX PCTFREE 10 INITRANS 2 MAXTRANS 255 COMPUTE STATISTICS 
  STORAGE(INITIAL 65536 NEXT 1048576 MINEXTENTS 1 MAXEXTENTS 2147483645
  PCTINCREASE 0 FREELISTS 1 FREELIST GROUPS 1 BUFFER_POOL DEFAULT FLASH_CACHE DEFAULT CELL_FLASH_CACHE DEFAULT)
  TABLESPACE "SYSTEM"  ENABLE;
  ALTER TABLE "EJOBB"."BB_ROLE" MODIFY ("ROLE_NAME" NOT NULL ENABLE);
--------------------------------------------------------
--  Constraints for Table BB_MODIFY_LINE
--------------------------------------------------------

  ALTER TABLE "EJOBB"."BB_MODIFY_LINE" ADD PRIMARY KEY ("MODIFY_LINE_NO")
  USING INDEX PCTFREE 10 INITRANS 2 MAXTRANS 255 COMPUTE STATISTICS 
  STORAGE(INITIAL 65536 NEXT 1048576 MINEXTENTS 1 MAXEXTENTS 2147483645
  PCTINCREASE 0 FREELISTS 1 FREELIST GROUPS 1 BUFFER_POOL DEFAULT FLASH_CACHE DEFAULT CELL_FLASH_CACHE DEFAULT)
  TABLESPACE "SYSTEM"  ENABLE;
  ALTER TABLE "EJOBB"."BB_MODIFY_LINE" ADD CHECK (MODIFY_LINE_PKINDS IN('승인', '대기')) ENABLE;
  ALTER TABLE "EJOBB"."BB_MODIFY_LINE" MODIFY ("MODIFY_LINE_PKINDS" NOT NULL ENABLE);
  ALTER TABLE "EJOBB"."BB_MODIFY_LINE" MODIFY ("MODIFY_LINE_BODY" NOT NULL ENABLE);
--------------------------------------------------------
--  Constraints for Table BB_MODIFY_DEPT
--------------------------------------------------------

  ALTER TABLE "EJOBB"."BB_MODIFY_DEPT" ADD PRIMARY KEY ("MODIFY_DEPT_NO")
  USING INDEX PCTFREE 10 INITRANS 2 MAXTRANS 255 COMPUTE STATISTICS 
  STORAGE(INITIAL 65536 NEXT 1048576 MINEXTENTS 1 MAXEXTENTS 2147483645
  PCTINCREASE 0 FREELISTS 1 FREELIST GROUPS 1 BUFFER_POOL DEFAULT FLASH_CACHE DEFAULT CELL_FLASH_CACHE DEFAULT)
  TABLESPACE "SYSTEM"  ENABLE;
  ALTER TABLE "EJOBB"."BB_MODIFY_DEPT" MODIFY ("MEMBER_NO" NOT NULL ENABLE);
  ALTER TABLE "EJOBB"."BB_MODIFY_DEPT" MODIFY ("DEPT_CODE" NOT NULL ENABLE);
  ALTER TABLE "EJOBB"."BB_MODIFY_DEPT" MODIFY ("MODIFY_DEPT_DATE" NOT NULL ENABLE);
--------------------------------------------------------
--  Constraints for Table BB_MODIFY_SPOT
--------------------------------------------------------

  ALTER TABLE "EJOBB"."BB_MODIFY_SPOT" ADD PRIMARY KEY ("MODIFY_SPOT_NO")
  USING INDEX PCTFREE 10 INITRANS 2 MAXTRANS 255 COMPUTE STATISTICS 
  STORAGE(INITIAL 65536 NEXT 1048576 MINEXTENTS 1 MAXEXTENTS 2147483645
  PCTINCREASE 0 FREELISTS 1 FREELIST GROUPS 1 BUFFER_POOL DEFAULT FLASH_CACHE DEFAULT CELL_FLASH_CACHE DEFAULT)
  TABLESPACE "SYSTEM"  ENABLE;
  ALTER TABLE "EJOBB"."BB_MODIFY_SPOT" MODIFY ("MEMBER_NO" NOT NULL ENABLE);
  ALTER TABLE "EJOBB"."BB_MODIFY_SPOT" MODIFY ("SPOT_CODE" NOT NULL ENABLE);
  ALTER TABLE "EJOBB"."BB_MODIFY_SPOT" MODIFY ("MODIFY_SPOT_DATE" NOT NULL ENABLE);
--------------------------------------------------------
--  Constraints for Table BB_MEMBER
--------------------------------------------------------

  ALTER TABLE "EJOBB"."BB_MEMBER" ADD PRIMARY KEY ("MEMBER_NO")
  USING INDEX PCTFREE 10 INITRANS 2 MAXTRANS 255 COMPUTE STATISTICS 
  STORAGE(INITIAL 65536 NEXT 1048576 MINEXTENTS 1 MAXEXTENTS 2147483645
  PCTINCREASE 0 FREELISTS 1 FREELIST GROUPS 1 BUFFER_POOL DEFAULT FLASH_CACHE DEFAULT CELL_FLASH_CACHE DEFAULT)
  TABLESPACE "SYSTEM"  ENABLE;
  ALTER TABLE "EJOBB"."BB_MEMBER" MODIFY ("EMAIL" NOT NULL ENABLE);
  ALTER TABLE "EJOBB"."BB_MEMBER" MODIFY ("MEMBER_PWD" NOT NULL ENABLE);
  ALTER TABLE "EJOBB"."BB_MEMBER" MODIFY ("MEMBER_NAME" NOT NULL ENABLE);
--------------------------------------------------------
--  Constraints for Table BB_FILEATTACHMENT
--------------------------------------------------------

  ALTER TABLE "EJOBB"."BB_FILEATTACHMENT" ADD PRIMARY KEY ("FILE_ATTACHMENT_NO")
  USING INDEX PCTFREE 10 INITRANS 2 MAXTRANS 255 COMPUTE STATISTICS 
  STORAGE(INITIAL 65536 NEXT 1048576 MINEXTENTS 1 MAXEXTENTS 2147483645
  PCTINCREASE 0 FREELISTS 1 FREELIST GROUPS 1 BUFFER_POOL DEFAULT FLASH_CACHE DEFAULT CELL_FLASH_CACHE DEFAULT)
  TABLESPACE "SYSTEM"  ENABLE;
  ALTER TABLE "EJOBB"."BB_FILEATTACHMENT" MODIFY ("SAVED_NAME" NOT NULL ENABLE);
  ALTER TABLE "EJOBB"."BB_FILEATTACHMENT" MODIFY ("ORIGINAL_NAME" NOT NULL ENABLE);
  ALTER TABLE "EJOBB"."BB_FILEATTACHMENT" MODIFY ("FILE_ATTACHMENT_PATH" NOT NULL ENABLE);
--------------------------------------------------------
--  Constraints for Table BB_WORKSTATUS
--------------------------------------------------------

  ALTER TABLE "EJOBB"."BB_WORKSTATUS" ADD PRIMARY KEY ("WORKSTATUS_NO")
  USING INDEX PCTFREE 10 INITRANS 2 MAXTRANS 255 COMPUTE STATISTICS 
  STORAGE(INITIAL 65536 NEXT 1048576 MINEXTENTS 1 MAXEXTENTS 2147483645
  PCTINCREASE 0 FREELISTS 1 FREELIST GROUPS 1 BUFFER_POOL DEFAULT FLASH_CACHE DEFAULT CELL_FLASH_CACHE DEFAULT)
  TABLESPACE "SYSTEM"  ENABLE;
  ALTER TABLE "EJOBB"."BB_WORKSTATUS" MODIFY ("COMMUTE" NOT NULL ENABLE);
  ALTER TABLE "EJOBB"."BB_WORKSTATUS" MODIFY ("WORKDATE" NOT NULL ENABLE);
--------------------------------------------------------
--  Constraints for Table BB_ATTACHMENT_TYPE
--------------------------------------------------------

  ALTER TABLE "EJOBB"."BB_ATTACHMENT_TYPE" ADD PRIMARY KEY ("ATTACHMENT_TYPE_NO")
  USING INDEX PCTFREE 10 INITRANS 2 MAXTRANS 255 COMPUTE STATISTICS 
  STORAGE(INITIAL 65536 NEXT 1048576 MINEXTENTS 1 MAXEXTENTS 2147483645
  PCTINCREASE 0 FREELISTS 1 FREELIST GROUPS 1 BUFFER_POOL DEFAULT FLASH_CACHE DEFAULT CELL_FLASH_CACHE DEFAULT)
  TABLESPACE "SYSTEM"  ENABLE;
  ALTER TABLE "EJOBB"."BB_ATTACHMENT_TYPE" MODIFY ("ATTACHMENT_NAME" NOT NULL ENABLE);
--------------------------------------------------------
--  Constraints for Table BB_HOLIDAY
--------------------------------------------------------

  ALTER TABLE "EJOBB"."BB_HOLIDAY" ADD PRIMARY KEY ("HOLIDAY_NO")
  USING INDEX PCTFREE 10 INITRANS 2 MAXTRANS 255 COMPUTE STATISTICS 
  STORAGE(INITIAL 65536 NEXT 1048576 MINEXTENTS 1 MAXEXTENTS 2147483645
  PCTINCREASE 0 FREELISTS 1 FREELIST GROUPS 1 BUFFER_POOL DEFAULT FLASH_CACHE DEFAULT CELL_FLASH_CACHE DEFAULT)
  TABLESPACE "SYSTEM"  ENABLE;
  ALTER TABLE "EJOBB"."BB_HOLIDAY" ADD CHECK (HOLIDAY_TYPE IN ('병가','연차','반차')) ENABLE;
  ALTER TABLE "EJOBB"."BB_HOLIDAY" MODIFY ("HOLIDAY_TYPE" NOT NULL ENABLE);
  ALTER TABLE "EJOBB"."BB_HOLIDAY" MODIFY ("START_DATE" NOT NULL ENABLE);
--------------------------------------------------------
--  Constraints for Table BB_DEPT
--------------------------------------------------------

  ALTER TABLE "EJOBB"."BB_DEPT" ADD PRIMARY KEY ("DEPT_CODE")
  USING INDEX PCTFREE 10 INITRANS 2 MAXTRANS 255 COMPUTE STATISTICS 
  STORAGE(INITIAL 65536 NEXT 1048576 MINEXTENTS 1 MAXEXTENTS 2147483645
  PCTINCREASE 0 FREELISTS 1 FREELIST GROUPS 1 BUFFER_POOL DEFAULT FLASH_CACHE DEFAULT CELL_FLASH_CACHE DEFAULT)
  TABLESPACE "SYSTEM"  ENABLE;
  ALTER TABLE "EJOBB"."BB_DEPT" MODIFY ("DEPT_LEVEL" NOT NULL ENABLE);
  ALTER TABLE "EJOBB"."BB_DEPT" MODIFY ("DEPT_NAME" NOT NULL ENABLE);
--------------------------------------------------------
--  Constraints for Table BB_MEMBERPHOTO
--------------------------------------------------------

  ALTER TABLE "EJOBB"."BB_MEMBERPHOTO" ADD PRIMARY KEY ("PHOTO_NUM")
  USING INDEX PCTFREE 10 INITRANS 2 MAXTRANS 255 COMPUTE STATISTICS 
  STORAGE(INITIAL 65536 NEXT 1048576 MINEXTENTS 1 MAXEXTENTS 2147483645
  PCTINCREASE 0 FREELISTS 1 FREELIST GROUPS 1 BUFFER_POOL DEFAULT FLASH_CACHE DEFAULT CELL_FLASH_CACHE DEFAULT)
  TABLESPACE "SYSTEM"  ENABLE;
  ALTER TABLE "EJOBB"."BB_MEMBERPHOTO" MODIFY ("FILE_TYPE" NOT NULL ENABLE);
  ALTER TABLE "EJOBB"."BB_MEMBERPHOTO" MODIFY ("SAVE_PATH" NOT NULL ENABLE);
  ALTER TABLE "EJOBB"."BB_MEMBERPHOTO" MODIFY ("SAVE_NAME" NOT NULL ENABLE);
  ALTER TABLE "EJOBB"."BB_MEMBERPHOTO" MODIFY ("ORIGINAL_NAME" NOT NULL ENABLE);
--------------------------------------------------------
--  Constraints for Table BB_MODIFY_MEMBER_INFO
--------------------------------------------------------

  ALTER TABLE "EJOBB"."BB_MODIFY_MEMBER_INFO" ADD PRIMARY KEY ("MODIFY_NO", "MODIFY_DATE")
  USING INDEX PCTFREE 10 INITRANS 2 MAXTRANS 255 COMPUTE STATISTICS 
  STORAGE(INITIAL 65536 NEXT 1048576 MINEXTENTS 1 MAXEXTENTS 2147483645
  PCTINCREASE 0 FREELISTS 1 FREELIST GROUPS 1 BUFFER_POOL DEFAULT FLASH_CACHE DEFAULT CELL_FLASH_CACHE DEFAULT)
  TABLESPACE "SYSTEM"  ENABLE;
  ALTER TABLE "EJOBB"."BB_MODIFY_MEMBER_INFO" MODIFY ("MODIFY_ENROLL_DATE" NOT NULL ENABLE);
  ALTER TABLE "EJOBB"."BB_MODIFY_MEMBER_INFO" MODIFY ("MODIFY_ACCOUNT_HOST" NOT NULL ENABLE);
  ALTER TABLE "EJOBB"."BB_MODIFY_MEMBER_INFO" MODIFY ("MODIFY_BANK_NAME" NOT NULL ENABLE);
  ALTER TABLE "EJOBB"."BB_MODIFY_MEMBER_INFO" MODIFY ("MODIFY_BANK_ACCOUNT" NOT NULL ENABLE);
  ALTER TABLE "EJOBB"."BB_MODIFY_MEMBER_INFO" MODIFY ("MODIFY_ADDRESS" NOT NULL ENABLE);
--------------------------------------------------------
--  Constraints for Table BB_BONUS
--------------------------------------------------------

  ALTER TABLE "EJOBB"."BB_BONUS" ADD PRIMARY KEY ("BONUS_NO")
  USING INDEX PCTFREE 10 INITRANS 2 MAXTRANS 255 COMPUTE STATISTICS 
  STORAGE(INITIAL 65536 NEXT 1048576 MINEXTENTS 1 MAXEXTENTS 2147483645
  PCTINCREASE 0 FREELISTS 1 FREELIST GROUPS 1 BUFFER_POOL DEFAULT FLASH_CACHE DEFAULT CELL_FLASH_CACHE DEFAULT)
  TABLESPACE "SYSTEM"  ENABLE;
  ALTER TABLE "EJOBB"."BB_BONUS" ADD CHECK (BONUS_TYPE IN ('포상','징계')) ENABLE;
  ALTER TABLE "EJOBB"."BB_BONUS" MODIFY ("BONUS_BODY" NOT NULL ENABLE);
  ALTER TABLE "EJOBB"."BB_BONUS" MODIFY ("BONUS_TYPE" NOT NULL ENABLE);
  ALTER TABLE "EJOBB"."BB_BONUS" MODIFY ("BONUS_DATE" NOT NULL ENABLE);
  ALTER TABLE "EJOBB"."BB_BONUS" MODIFY ("BONUS_REASON" NOT NULL ENABLE);
--------------------------------------------------------
--  Ref Constraints for Table BB_ABSENCE
--------------------------------------------------------

  ALTER TABLE "EJOBB"."BB_ABSENCE" ADD FOREIGN KEY ("DRAFTING_NO")
	  REFERENCES "EJOBB"."BB_DRAFTING" ("DRAFTING_NO") ENABLE;
  ALTER TABLE "EJOBB"."BB_ABSENCE" ADD FOREIGN KEY ("DEPT_CODE")
	  REFERENCES "EJOBB"."BB_DEPT" ("DEPT_CODE") ENABLE;
  ALTER TABLE "EJOBB"."BB_ABSENCE" ADD FOREIGN KEY ("SPOT_CODE")
	  REFERENCES "EJOBB"."BB_SPOT" ("SPOT_CODE") ENABLE;
--------------------------------------------------------
--  Ref Constraints for Table BB_ALRAM
--------------------------------------------------------

  ALTER TABLE "EJOBB"."BB_ALRAM" ADD FOREIGN KEY ("MEMBER_NO")
	  REFERENCES "EJOBB"."BB_MEMBER" ("MEMBER_NO") ENABLE;
--------------------------------------------------------
--  Ref Constraints for Table BB_ALRAM_TYPE
--------------------------------------------------------

  ALTER TABLE "EJOBB"."BB_ALRAM_TYPE" ADD FOREIGN KEY ("ALRAM_NO")
	  REFERENCES "EJOBB"."BB_ALRAM" ("ALRAM_NO") ENABLE;
--------------------------------------------------------
--  Ref Constraints for Table BB_APPROVE
--------------------------------------------------------

  ALTER TABLE "EJOBB"."BB_APPROVE" ADD FOREIGN KEY ("DRAFTING_NO")
	  REFERENCES "EJOBB"."BB_DRAFTING" ("DRAFTING_NO") ENABLE;
  ALTER TABLE "EJOBB"."BB_APPROVE" ADD FOREIGN KEY ("LINE_NO")
	  REFERENCES "EJOBB"."BB_LINE_MEM" ("LINE_NO") ENABLE;
--------------------------------------------------------
--  Ref Constraints for Table BB_ARMY
--------------------------------------------------------

  ALTER TABLE "EJOBB"."BB_ARMY" ADD FOREIGN KEY ("MEMBER_NO")
	  REFERENCES "EJOBB"."BB_MEMBER" ("MEMBER_NO") ENABLE;
--------------------------------------------------------
--  Ref Constraints for Table BB_BOARD
--------------------------------------------------------

  ALTER TABLE "EJOBB"."BB_BOARD" ADD FOREIGN KEY ("MEMBER_NO")
	  REFERENCES "EJOBB"."BB_MEMBER" ("MEMBER_NO") ENABLE;
--------------------------------------------------------
--  Ref Constraints for Table BB_BONUS
--------------------------------------------------------

  ALTER TABLE "EJOBB"."BB_BONUS" ADD FOREIGN KEY ("MEMBER_NO")
	  REFERENCES "EJOBB"."BB_MEMBER" ("MEMBER_NO") ENABLE;
  ALTER TABLE "EJOBB"."BB_BONUS" ADD FOREIGN KEY ("APPROVE_CODE")
	  REFERENCES "EJOBB"."BB_APPROVE" ("APPROVE_CODE") ENABLE;
--------------------------------------------------------
--  Ref Constraints for Table BB_CAREER
--------------------------------------------------------

  ALTER TABLE "EJOBB"."BB_CAREER" ADD FOREIGN KEY ("MEMBER_NO")
	  REFERENCES "EJOBB"."BB_MEMBER" ("MEMBER_NO") ENABLE;
--------------------------------------------------------
--  Ref Constraints for Table BB_CERTIFICATE
--------------------------------------------------------

  ALTER TABLE "EJOBB"."BB_CERTIFICATE" ADD FOREIGN KEY ("MEMBER_NO")
	  REFERENCES "EJOBB"."BB_MEMBER" ("MEMBER_NO") ENABLE;
  ALTER TABLE "EJOBB"."BB_CERTIFICATE" ADD FOREIGN KEY ("CERTIFICATE_CODE")
	  REFERENCES "EJOBB"."BB_CERTIFICATE_CODE" ("CERTIFICATE_CODE") ENABLE;
--------------------------------------------------------
--  Ref Constraints for Table BB_CHAT
--------------------------------------------------------

  ALTER TABLE "EJOBB"."BB_CHAT" ADD FOREIGN KEY ("MEMBER_NO")
	  REFERENCES "EJOBB"."BB_MEMBER" ("MEMBER_NO") ENABLE;
  ALTER TABLE "EJOBB"."BB_CHAT" ADD FOREIGN KEY ("CHATROOM_NO")
	  REFERENCES "EJOBB"."BB_CHATROOM_NO" ("CHATROOM_NO") ENABLE;
--------------------------------------------------------
--  Ref Constraints for Table BB_CHATROOM_NO
--------------------------------------------------------

  ALTER TABLE "EJOBB"."BB_CHATROOM_NO" ADD FOREIGN KEY ("MEMBER_NO")
	  REFERENCES "EJOBB"."BB_MEMBER" ("MEMBER_NO") ENABLE;
--------------------------------------------------------
--  Ref Constraints for Table BB_CHAT_READ_STATUS
--------------------------------------------------------

  ALTER TABLE "EJOBB"."BB_CHAT_READ_STATUS" ADD FOREIGN KEY ("CHAT_CODE")
	  REFERENCES "EJOBB"."BB_CHAT" ("CHAT_CODE") ENABLE;
--------------------------------------------------------
--  Ref Constraints for Table BB_DRAFTING
--------------------------------------------------------

  ALTER TABLE "EJOBB"."BB_DRAFTING" ADD FOREIGN KEY ("MEMBER_NO")
	  REFERENCES "EJOBB"."BB_MEMBER" ("MEMBER_NO") ENABLE;
  ALTER TABLE "EJOBB"."BB_DRAFTING" ADD FOREIGN KEY ("PAYMENT_NO")
	  REFERENCES "EJOBB"."BB_PAYMENT_FORM" ("PAYMENT_NO") ENABLE;
--------------------------------------------------------
--  Ref Constraints for Table BB_EMAIL
--------------------------------------------------------

  ALTER TABLE "EJOBB"."BB_EMAIL" ADD FOREIGN KEY ("MEMBER_NO")
	  REFERENCES "EJOBB"."BB_MEMBER" ("MEMBER_NO") ENABLE;
--------------------------------------------------------
--  Ref Constraints for Table BB_FAMILY_INFO
--------------------------------------------------------

  ALTER TABLE "EJOBB"."BB_FAMILY_INFO" ADD FOREIGN KEY ("MEMBER_NO")
	  REFERENCES "EJOBB"."BB_MEMBER" ("MEMBER_NO") ENABLE;
--------------------------------------------------------
--  Ref Constraints for Table BB_FILEATTACHMENT
--------------------------------------------------------

  ALTER TABLE "EJOBB"."BB_FILEATTACHMENT" ADD FOREIGN KEY ("ATTACHMENT_TYPE_NO")
	  REFERENCES "EJOBB"."BB_ATTACHMENT_TYPE" ("ATTACHMENT_TYPE_NO") ENABLE;
  ALTER TABLE "EJOBB"."BB_FILEATTACHMENT" ADD FOREIGN KEY ("MEMBER_NO")
	  REFERENCES "EJOBB"."BB_MEMBER" ("MEMBER_NO") ENABLE;
--------------------------------------------------------
--  Ref Constraints for Table BB_FINAL_ACADEMIC_ABILITY
--------------------------------------------------------

  ALTER TABLE "EJOBB"."BB_FINAL_ACADEMIC_ABILITY" ADD FOREIGN KEY ("MEMBER_NO")
	  REFERENCES "EJOBB"."BB_MEMBER" ("MEMBER_NO") ENABLE;
  ALTER TABLE "EJOBB"."BB_FINAL_ACADEMIC_ABILITY" ADD FOREIGN KEY ("ACADEMIC_CODE")
	  REFERENCES "EJOBB"."BB_FINAL_ACADEMIC" ("ACADEMIC_CODE") ENABLE;
--------------------------------------------------------
--  Ref Constraints for Table BB_FORM_VACATION
--------------------------------------------------------

  ALTER TABLE "EJOBB"."BB_FORM_VACATION" ADD FOREIGN KEY ("PAYMENT_NO")
	  REFERENCES "EJOBB"."BB_PAYMENT_FORM" ("PAYMENT_NO") ENABLE;
  ALTER TABLE "EJOBB"."BB_FORM_VACATION" ADD FOREIGN KEY ("MEMBER_NO")
	  REFERENCES "EJOBB"."BB_MEMBER" ("MEMBER_NO") ENABLE;
--------------------------------------------------------
--  Ref Constraints for Table BB_HOLIDAY
--------------------------------------------------------

  ALTER TABLE "EJOBB"."BB_HOLIDAY" ADD FOREIGN KEY ("MEMBER_NO")
	  REFERENCES "EJOBB"."BB_MEMBER" ("MEMBER_NO") ENABLE;
--------------------------------------------------------
--  Ref Constraints for Table BB_LICENSE
--------------------------------------------------------

  ALTER TABLE "EJOBB"."BB_LICENSE" ADD FOREIGN KEY ("MEMBER_NO")
	  REFERENCES "EJOBB"."BB_MEMBER" ("MEMBER_NO") ENABLE;
  ALTER TABLE "EJOBB"."BB_LICENSE" ADD FOREIGN KEY ("LICENSE_CODE_CODE")
	  REFERENCES "EJOBB"."BB_LICENSE_CODE" ("LICENSE_CODE_CODE") ENABLE;
--------------------------------------------------------
--  Ref Constraints for Table BB_LINE_CODE
--------------------------------------------------------

  ALTER TABLE "EJOBB"."BB_LINE_CODE" ADD FOREIGN KEY ("DEPT_CODE")
	  REFERENCES "EJOBB"."BB_DEPT" ("DEPT_CODE") ENABLE;
  ALTER TABLE "EJOBB"."BB_LINE_CODE" ADD FOREIGN KEY ("SPOT_CODE")
	  REFERENCES "EJOBB"."BB_SPOT" ("SPOT_CODE") ENABLE;
  ALTER TABLE "EJOBB"."BB_LINE_CODE" ADD FOREIGN KEY ("PAYMENT_NO")
	  REFERENCES "EJOBB"."BB_PAYMENT_FORM" ("PAYMENT_NO") ENABLE;
--------------------------------------------------------
--  Ref Constraints for Table BB_LINE_MEM
--------------------------------------------------------

  ALTER TABLE "EJOBB"."BB_LINE_MEM" ADD FOREIGN KEY ("DRAFTING_NO")
	  REFERENCES "EJOBB"."BB_DRAFTING" ("DRAFTING_NO") ENABLE;
  ALTER TABLE "EJOBB"."BB_LINE_MEM" ADD FOREIGN KEY ("DEPT_CODE")
	  REFERENCES "EJOBB"."BB_DEPT" ("DEPT_CODE") ENABLE;
  ALTER TABLE "EJOBB"."BB_LINE_MEM" ADD FOREIGN KEY ("SPOT_CODE")
	  REFERENCES "EJOBB"."BB_SPOT" ("SPOT_CODE") ENABLE;
--------------------------------------------------------
--  Ref Constraints for Table BB_MEMBERPHOTO
--------------------------------------------------------

  ALTER TABLE "EJOBB"."BB_MEMBERPHOTO" ADD FOREIGN KEY ("MEMBER_NO")
	  REFERENCES "EJOBB"."BB_MEMBER" ("MEMBER_NO") ENABLE;
--------------------------------------------------------
--  Ref Constraints for Table BB_MEMBER_INFO
--------------------------------------------------------

  ALTER TABLE "EJOBB"."BB_MEMBER_INFO" ADD FOREIGN KEY ("MEMBER_NO")
	  REFERENCES "EJOBB"."BB_MEMBER" ("MEMBER_NO") ENABLE;
--------------------------------------------------------
--  Ref Constraints for Table BB_MODIFY_BONUS
--------------------------------------------------------

  ALTER TABLE "EJOBB"."BB_MODIFY_BONUS" ADD FOREIGN KEY ("BONUS_NO")
	  REFERENCES "EJOBB"."BB_BONUS" ("BONUS_NO") ENABLE;
--------------------------------------------------------
--  Ref Constraints for Table BB_MODIFY_DEPT
--------------------------------------------------------

  ALTER TABLE "EJOBB"."BB_MODIFY_DEPT" ADD FOREIGN KEY ("DEPT_CODE")
	  REFERENCES "EJOBB"."BB_DEPT" ("DEPT_CODE") ENABLE;
  ALTER TABLE "EJOBB"."BB_MODIFY_DEPT" ADD FOREIGN KEY ("MEMBER_NO")
	  REFERENCES "EJOBB"."BB_MEMBER" ("MEMBER_NO") ENABLE;
--------------------------------------------------------
--  Ref Constraints for Table BB_MODIFY_DRAFTING
--------------------------------------------------------

  ALTER TABLE "EJOBB"."BB_MODIFY_DRAFTING" ADD FOREIGN KEY ("DRAFTING_NO")
	  REFERENCES "EJOBB"."BB_DRAFTING" ("DRAFTING_NO") ENABLE;
--------------------------------------------------------
--  Ref Constraints for Table BB_MODIFY_LINE
--------------------------------------------------------

  ALTER TABLE "EJOBB"."BB_MODIFY_LINE" ADD FOREIGN KEY ("LINE_NO")
	  REFERENCES "EJOBB"."BB_LINE_MEM" ("LINE_NO") ENABLE;
--------------------------------------------------------
--  Ref Constraints for Table BB_MODIFY_MEMBER_INFO
--------------------------------------------------------

  ALTER TABLE "EJOBB"."BB_MODIFY_MEMBER_INFO" ADD FOREIGN KEY ("MEMBER_INFO_NO")
	  REFERENCES "EJOBB"."BB_MEMBER_INFO" ("MEMBER_INFO_NO") ENABLE;
--------------------------------------------------------
--  Ref Constraints for Table BB_MODIFY_PAYMENT_FORM
--------------------------------------------------------

  ALTER TABLE "EJOBB"."BB_MODIFY_PAYMENT_FORM" ADD FOREIGN KEY ("PAYMENT_NO")
	  REFERENCES "EJOBB"."BB_PAYMENT_FORM" ("PAYMENT_NO") ENABLE;
--------------------------------------------------------
--  Ref Constraints for Table BB_MODIFY_SPOT
--------------------------------------------------------

  ALTER TABLE "EJOBB"."BB_MODIFY_SPOT" ADD FOREIGN KEY ("SPOT_CODE")
	  REFERENCES "EJOBB"."BB_SPOT" ("SPOT_CODE") ENABLE;
  ALTER TABLE "EJOBB"."BB_MODIFY_SPOT" ADD FOREIGN KEY ("MEMBER_NO")
	  REFERENCES "EJOBB"."BB_MEMBER" ("MEMBER_NO") ENABLE;
--------------------------------------------------------
--  Ref Constraints for Table BB_MODIFY_WORK_STATUS
--------------------------------------------------------

  ALTER TABLE "EJOBB"."BB_MODIFY_WORK_STATUS" ADD FOREIGN KEY ("WORKSTATUS_NO")
	  REFERENCES "EJOBB"."BB_WORKSTATUS" ("WORKSTATUS_NO") ENABLE;
--------------------------------------------------------
--  Ref Constraints for Table BB_READING
--------------------------------------------------------

  ALTER TABLE "EJOBB"."BB_READING" ADD FOREIGN KEY ("MEMBER_NO")
	  REFERENCES "EJOBB"."BB_MEMBER" ("MEMBER_NO") ENABLE;
  ALTER TABLE "EJOBB"."BB_READING" ADD FOREIGN KEY ("DRAFTING_NO")
	  REFERENCES "EJOBB"."BB_DRAFTING" ("DRAFTING_NO") ENABLE;
--------------------------------------------------------
--  Ref Constraints for Table BB_REVIEW
--------------------------------------------------------

  ALTER TABLE "EJOBB"."BB_REVIEW" ADD FOREIGN KEY ("MEMBER_NO")
	  REFERENCES "EJOBB"."BB_MEMBER" ("MEMBER_NO") ENABLE;
--------------------------------------------------------
--  Ref Constraints for Table BB_ROLE
--------------------------------------------------------

  ALTER TABLE "EJOBB"."BB_ROLE" ADD FOREIGN KEY ("MEMBER_NO")
	  REFERENCES "EJOBB"."BB_MEMBER" ("MEMBER_NO") ENABLE;
--------------------------------------------------------
--  Ref Constraints for Table BB_WEEK_WORK_STATISTIC
--------------------------------------------------------

  ALTER TABLE "EJOBB"."BB_WEEK_WORK_STATISTIC" ADD FOREIGN KEY ("MEMBER_NO")
	  REFERENCES "EJOBB"."BB_MEMBER" ("MEMBER_NO") ENABLE;
--------------------------------------------------------
--  Ref Constraints for Table BB_WORKCONTRACT
--------------------------------------------------------

  ALTER TABLE "EJOBB"."BB_WORKCONTRACT" ADD FOREIGN KEY ("MEMBER_INFO_NO")
	  REFERENCES "EJOBB"."BB_MEMBER_INFO" ("MEMBER_INFO_NO") ENABLE;
--------------------------------------------------------
--  Ref Constraints for Table BB_WORKSTATUS
--------------------------------------------------------

  ALTER TABLE "EJOBB"."BB_WORKSTATUS" ADD FOREIGN KEY ("MEMBER_NO")
	  REFERENCES "EJOBB"."BB_MEMBER" ("MEMBER_NO") ENABLE;
  ALTER TABLE "EJOBB"."BB_WORKSTATUS" ADD FOREIGN KEY ("WORKTYPE_CODE")
	  REFERENCES "EJOBB"."BB_WORKTYPE" ("WORKTYPE_CODE") ENABLE;
--------------------------------------------------------
--  Ref Constraints for Table BB_WORK_SCHEDULE
--------------------------------------------------------

  ALTER TABLE "EJOBB"."BB_WORK_SCHEDULE" ADD FOREIGN KEY ("MEMBER_NO")
	  REFERENCES "EJOBB"."BB_MEMBER" ("MEMBER_NO") ENABLE;
